math_score,science_score,study_hours,reading_score,final_marks,employment_status,religion,geographic_info,teaching_method,teaching_materials,technology_use,passed,attendance_rate,class_participation,assignment_completed,presentation_marks,group_work,field_work,graduation_status,scholarship,online_learning
68.53,52.05,4.75,37.35,323.1,0,3,0,3,1,0,1,70,2,0,4,2,13,1,1,0
43.47,23.83,2.93,23.88,292.62,0,2,1,2,1,0,1,44,9,3,8,1,7,0,1,0
61.05,64.08,4.82,50.39,325.49,1,2,1,3,3,1,1,79,8,8,5,8,17,1,0,1
62.65,50.01,5.76,26.38,428.42,0,4,0,1,2,1,1,43,2,6,7,7,6,0,0,0
58.67,30.86,4.38,51.66,327.54,0,2,1,3,1,0,1,90,3,4,10,3,2,1,0,1
89.45,57.55,2.88,49.85,272.51,1,2,1,3,2,1,1,44,5,10,3,5,20,0,0,1
42.94,69.59,3.79,76.02,258.72,0,1,0,3,1,1,1,44,8,5,8,2,13,1,1,1
78.06,38.88,4.88,60.1,329.74,0,3,0,3,3,1,1,95,9,0,6,10,11,1,0,0
62.08,47.48,4.27,69.56,390.66,1,3,0,2,1,1,1,55,1,6,6,7,14,1,0,0
68.64,43.82,4.77,40.21,372.05,1,2,0,1,3,1,1,93,1,4,7,2,7,1,0,0
60.12,40.76,4.77,80.59,404.89,1,3,1,3,2,0,1,57,1,6,1,1,4,1,0,0
83.17,39.49,4.27,67.87,381.39,1,3,0,1,1,0,1,82,4,4,5,6,16,0,1,0
50.2,42.24,4.62,58.55,350.56,0,4,0,2,1,1,1,56,5,4,6,2,9,1,0,0
62.46,42.89,2.04,13.87,217.97,1,3,0,1,1,0,0,100,2,2,2,8,10,0,1,1
74.58,45.72,4.14,73.57,419.24,1,2,1,2,2,0,1,74,2,4,7,2,15,0,1,1
46.62,44.85,2.72,85.47,277.16,0,4,0,1,3,1,1,57,1,7,0,7,15,1,0,1
70.01,59.13,4.49,50.23,465.53,1,3,1,1,3,0,1,43,10,7,0,1,3,0,1,1
54.72,58.06,4.66,50.63,311.66,1,3,1,3,1,0,1,90,5,1,9,8,4,1,0,1
36.48,31.6,4.05,39.67,313.73,0,4,1,1,2,1,1,70,0,10,2,0,9,1,1,0
33.23,42.88,3.79,17.37,323.36,1,4,1,3,3,0,1,70,8,0,5,2,13,1,1,0
53.64,65.01,5.23,38.76,350.69,1,3,0,3,3,1,1,48,10,1,6,10,8,1,1,1
69.86,53.53,2.89,83.19,281.46,0,1,0,1,3,0,1,70,9,10,1,1,17,0,0,1
23.82,54.01,4.53,71.58,305.76,1,1,1,3,3,0,1,44,3,6,5,6,19,1,0,1
58.01,52.87,3.79,34.55,396.72,1,3,0,1,3,0,1,75,1,2,4,4,5,1,0,0
68.39,46.86,4.73,38.43,417.05,0,3,0,3,1,0,1,55,5,7,5,7,10,1,0,0
35.83,49.51,3.06,92.7,294.74,0,4,0,3,1,1,1,81,4,3,0,1,20,0,1,0
45.49,45.15,3.92,29.6,366.68,1,4,0,2,1,1,1,80,2,9,9,7,16,0,0,0
63.59,60.27,4.69,35.69,323.83,1,3,1,2,3,0,1,55,2,9,6,6,8,0,1,0
67.73,45.26,4.20,41.41,375.11,1,3,0,1,3,1,1,59,4,7,7,10,2,0,1,0
79.06,48.64,4.35,22.84,305.13,0,3,0,3,3,1,1,93,3,1,6,4,15,1,1,0
46.2,58.82,4.20,39.25,386.56,1,3,1,2,1,0,1,69,4,4,8,1,19,0,1,1
42.77,46.07,5.43,39.55,343.34,1,1,0,2,3,0,1,65,1,5,0,9,3,0,1,1
79.79,49.15,4.49,31.96,325.39,0,4,0,2,1,1,1,88,10,0,9,10,14,0,1,0
43.68,45.7,3.97,76.56,348.14,1,2,0,3,3,1,1,70,0,0,8,6,1,0,1,1
62.61,48.93,5.41,26.66,422.22,1,3,1,1,1,1,1,100,4,8,10,9,19,1,1,0
87.75,46.11,3.89,47.16,345.28,1,3,0,3,2,1,1,89,10,4,10,3,16,1,1,1
66.29,43.57,4.60,32.46,364.25,0,3,0,3,3,0,1,54,0,3,2,3,18,0,1,0
66.75,41.5,3.52,45.8,354.49,0,2,1,2,3,1,1,91,2,0,1,7,19,0,1,0
74.17,47.93,3.84,31.53,354.71,1,4,0,3,1,1,1,80,7,2,5,5,15,1,0,1
62.87,62.22,5.10,51.52,410.9,1,4,1,3,3,1,1,77,10,3,10,8,18,1,1,0
66.82,57.48,4.87,56.43,391.62,0,3,1,2,1,0,1,77,7,10,4,10,20,1,0,1
49.86,31.05,3.09,78.04,281.99,1,3,1,2,1,1,1,82,8,10,3,1,16,1,0,0
72.4,44.85,4.44,38.23,377.43,0,4,0,3,2,1,1,96,0,4,3,4,3,0,1,1
61.2,42.34,4.85,82.36,430.61,0,2,0,2,2,0,1,99,3,9,7,5,17,0,1,0
32.83,31.25,3.76,33.86,338.36,0,3,0,1,3,0,1,59,5,4,9,7,3,1,1,1
58.64,53.3,4.14,45.24,392.74,0,2,0,1,3,1,1,74,6,9,2,3,20,0,1,0
22.46,48.85,2.77,85.29,211.74,0,2,0,1,1,0,0,62,4,7,0,10,2,0,0,1
65.71,74.28,5.03,100,301.69,1,4,1,1,1,1,1,83,6,2,4,6,17,0,0,1
51.5,45.99,5.17,83.72,469.75,0,3,1,1,1,1,1,86,10,6,7,10,20,1,1,1
83.58,40.69,3.62,45.53,388.16,1,1,1,2,1,0,1,78,9,5,2,6,19,1,0,1
62.34,39.52,4.66,60.3,360.91,1,4,1,2,3,0,1,64,7,9,1,3,4,1,1,0
68.86,44.58,4.81,63.65,442.03,1,4,0,1,2,0,1,93,9,10,0,0,8,1,1,1
39.26,57.08,2.66,56.91,294.46,0,1,1,1,3,1,1,89,5,9,3,2,14,0,1,0
65.27,58.46,5.31,29.84,413.46,1,3,1,1,3,0,1,61,10,9,10,1,8,1,0,0
45.39,85.11,5.02,54.69,307.13,1,2,0,2,3,1,1,86,3,10,1,2,13,1,0,0
71.36,35.52,4.97,39.88,354.73,1,2,1,2,2,0,1,47,0,5,7,4,20,0,0,0
38.22,51.03,2.58,30.63,268.76,0,2,0,3,3,1,1,93,10,9,10,10,1,1,1,0
56.65,41.79,4.35,43.77,330.82,1,3,0,3,2,1,1,48,4,8,9,0,17,0,0,0
37.63,54.21,5.17,56.31,416.18,0,4,0,3,1,0,1,54,9,6,8,4,12,1,1,0
56.89,66.6,4.99,70.03,324.47,0,4,1,3,3,0,1,87,9,10,9,1,20,0,1,0
85.34,60.35,4.26,44.92,374.65,1,4,1,2,1,1,1,59,9,6,0,3,15,0,0,1
65.82,35.51,4.41,48.43,325.66,1,4,1,2,1,0,1,74,3,10,1,5,5,0,1,1
54.51,58.22,3.95,66.08,371.53,0,4,1,2,1,0,1,98,4,0,5,8,15,0,1,0
18.07,24.64,3.90,51.42,387.24,0,1,1,2,3,0,1,76,3,0,9,9,3,1,1,1
46.96,21.44,4.91,57.63,316.1,1,2,1,1,1,0,1,42,8,8,6,5,9,0,1,1
62.12,47.01,5.18,51.56,306.73,1,2,0,3,3,0,1,98,2,8,1,9,18,0,0,0
47.34,57.33,4.46,54.05,329.89,1,3,0,2,1,0,1,99,2,10,7,10,10,1,1,1
76.41,54.18,5.00,28.42,328.8,1,1,1,2,3,0,1,73,9,9,9,1,4,0,1,1
56.07,72.87,3.18,52.45,248.8,1,4,1,3,3,1,0,73,6,2,8,7,17,0,1,1
71.18,51.31,4.18,78.56,366.75,0,4,0,2,3,0,1,75,1,10,7,4,2,1,0,0
58.07,48.72,4.68,53.38,369.08,0,4,0,1,1,1,1,74,8,10,8,8,7,1,1,0
50.86,63.86,3.77,33.32,260.17,0,1,0,2,3,0,1,48,7,7,5,9,10,1,1,1
47.93,45.51,4.48,79.53,391.95,0,3,1,3,1,1,1,69,5,8,10,8,20,0,0,0
39.82,54.66,5.28,64.43,330.01,0,1,1,1,2,1,1,94,8,0,6,3,18,0,1,0
71.45,55.39,3.19,65.35,366.41,1,3,1,1,1,0,1,93,10,2,5,0,20,1,0,1
48.58,38.34,4.91,64.81,337.59,0,2,0,3,1,0,1,65,2,5,6,10,2,1,1,1
62.83,54.65,4.54,27.47,366.3,1,3,1,3,3,0,1,51,3,3,2,8,11,1,0,1
47.11,76.22,4.35,62.96,355.86,0,2,1,1,1,0,1,63,6,7,3,8,14,0,1,1
38.75,63.64,4.55,77.69,393.89,0,3,1,2,2,1,1,80,0,8,8,7,15,0,0,0
63.33,39.93,3.51,40.4,350.1,1,2,1,3,3,1,1,58,0,6,2,4,4,1,0,0
43.8,78.06,4.39,11.43,387.7,0,2,1,1,1,0,1,83,0,10,1,4,18,0,1,0
48.99,58.27,5.18,57.31,421.24,0,4,1,3,1,1,1,55,7,0,10,9,5,0,1,0
36.27,55.09,5.24,50.65,345.9,0,3,0,2,3,0,1,65,5,1,6,5,11,0,0,0
47.6,48.83,4.24,19.05,336.83,0,4,1,2,3,1,1,62,2,0,5,0,18,1,1,0
55.36,58.19,4.10,62.11,378.13,1,2,0,1,1,0,1,96,9,8,2,8,8,1,1,0
50.69,51.34,2.75,60.61,246.97,0,4,0,2,1,1,0,72,6,3,5,4,17,0,0,0
67.27,50.24,4.96,20.68,306.29,0,1,0,2,3,0,1,81,5,9,6,6,2,1,0,0
57.18,48.4,4.66,87.79,304.54,0,4,1,2,3,1,1,96,4,7,5,10,13,0,1,1
95,61.69,4.24,65.02,377.61,0,3,1,3,2,0,1,69,2,4,0,7,20,0,1,0
61.36,60.36,4.76,12.19,357.51,0,4,1,1,2,0,1,62,3,4,0,4,4,1,1,0
28.97,48.21,5.05,66.38,413.41,0,1,1,1,2,1,1,49,10,4,8,2,4,1,1,0
51.81,31.77,5.48,65.8,410.41,0,4,0,1,3,1,1,75,10,10,5,5,3,1,0,1
53.11,50.43,2.65,78.3,251.94,0,2,1,2,3,1,1,100,0,4,1,6,15,0,0,1
45.8,41.39,2.84,37.52,265.67,1,2,0,3,3,1,1,70,8,2,10,3,12,1,0,0
56.09,44.32,4.30,66.67,351.93,1,2,1,1,1,1,1,82,4,5,0,8,7,0,0,0
45.35,48.5,2.27,45.27,272.65,1,3,1,3,3,0,1,99,1,0,10,10,20,0,1,1
59.99,37.28,3.15,38.87,251.39,0,4,0,1,1,1,1,61,10,7,1,3,15,0,0,0
26.37,30.68,4.63,32.7,313.1,0,2,0,2,3,1,1,82,8,3,7,10,1,0,0,1
72.16,53.5,3.00,11.94,245.75,1,4,0,1,3,1,0,82,6,5,4,9,7,0,1,0
31.33,50.32,2.88,60.81,298.62,1,1,1,1,1,1,1,93,7,1,6,1,2,1,1,1
51.05,49.86,3.79,44.54,385.57,1,1,0,2,3,0,1,77,2,1,6,8,8,0,0,1
44.01,56.13,4.29,1,325.7,1,3,0,2,3,0,1,86,6,7,1,3,10,0,1,0
59.59,42.09,4.83,51.51,424.89,0,4,0,1,3,0,1,41,10,0,3,3,20,1,0,1
52.25,53.99,4.10,73.16,321.59,1,1,1,3,2,0,1,92,0,7,1,9,19,0,1,1
58.77,66.05,4.42,23.86,377.66,0,3,0,2,3,1,1,62,5,9,6,0,0,1,1,1
71.67,46.94,4.70,35.75,323.53,1,3,0,1,1,0,1,93,9,9,4,1,0,0,0,0
66.53,72.79,5.44,58.82,339.2,0,2,1,2,1,0,1,74,5,0,0,2,7,1,1,0
55.54,50.6,4.59,1,330.39,0,1,0,3,1,1,1,98,10,8,1,6,15,1,0,1
61.89,39.77,4.63,39.33,377.81,0,4,0,1,3,1,1,99,9,0,5,8,9,1,0,1
84.4,60.2,4.46,56.93,386.22,0,1,0,1,1,1,1,76,5,3,3,4,1,1,0,0
67.06,48.65,4.04,38.78,453.07,1,1,1,3,2,1,1,100,2,8,6,3,15,1,1,0
50.6,62.63,4.49,24.04,350.74,0,4,0,3,1,1,1,71,5,0,1,1,3,0,0,0
74.17,54.96,4.53,25,377.39,0,4,0,1,3,1,1,95,2,8,1,6,18,1,0,1
60.87,46.07,4.23,17.76,298.66,1,2,0,3,2,0,1,82,9,7,5,5,8,1,0,0
40.56,68.25,4.40,37.34,384.38,1,3,0,3,1,0,1,92,8,4,7,6,2,1,0,0
52.29,44.01,4.65,71.13,351.26,1,4,0,1,2,1,1,51,6,5,0,7,10,0,0,0
32.92,24.01,2.98,97.24,216.89,1,4,0,2,1,0,0,97,3,4,4,8,7,1,0,0
20.72,60.57,3.92,50.72,306.56,0,1,0,3,3,1,1,74,2,3,0,9,6,0,1,1
40.76,54.2,3.57,65.36,246.32,1,4,1,2,2,1,0,80,5,9,10,4,0,0,0,1
56.84,65.4,4.88,31.18,313.08,0,4,1,2,1,0,1,98,8,3,5,10,7,1,1,0
56.88,39.42,4.90,8.17,365.33,1,1,1,2,1,0,1,42,2,9,6,4,16,0,1,1
33.83,47.03,4.05,87.03,335.06,0,1,0,3,2,0,1,73,7,7,5,3,10,0,0,0
19.32,45.68,5.20,38.1,380.8,1,1,1,1,2,0,1,77,5,7,8,10,6,0,1,1
77.06,61.21,2.30,64.37,232.63,1,2,0,1,2,0,0,63,3,8,2,2,8,0,1,0
56.43,57.81,4.79,53.17,397.92,1,3,0,1,2,1,1,77,4,2,7,6,13,0,0,0
78.34,52.58,5.60,69.89,362.28,1,4,0,1,1,0,1,56,2,9,2,4,4,1,1,1
77.48,52.65,2.50,69.08,286.75,0,1,1,1,1,0,1,79,1,7,10,6,17,0,0,0
66.02,36.19,4.22,55.55,348.75,1,1,1,1,1,1,1,40,8,2,6,1,12,0,1,0
55.89,59.22,5.05,57.76,459.55,0,3,0,2,3,0,1,96,2,1,4,8,4,0,0,1
49.04,59.47,4.75,74.25,423.26,0,2,0,2,2,0,1,47,5,1,0,8,7,0,1,0
65.78,77.49,4.22,41.81,433.88,1,4,1,2,1,0,1,93,4,8,10,8,14,0,0,1
52.6,55.65,4.53,81.11,339.36,1,2,1,3,2,0,1,54,9,3,3,4,3,1,0,0
46.16,57.59,4.47,35.84,406.82,0,2,1,3,2,0,1,89,10,4,10,9,0,0,1,0
23.53,55.73,5.24,51.53,415.51,0,2,1,3,1,1,1,84,7,1,8,8,5,0,0,1
53.75,41.64,2.54,62.58,297.81,0,1,1,1,2,0,1,64,4,8,7,0,18,0,0,1
71.45,64.99,5.77,17.42,414.53,0,3,1,2,2,0,1,47,10,6,2,1,11,1,1,0
73.89,49.33,4.61,77.64,403.21,0,3,1,3,2,1,1,100,7,2,1,9,6,1,0,0
55.8,47.68,4.34,59.52,316.36,1,3,0,2,2,0,1,91,10,5,10,4,12,1,0,1
41.67,48.38,4.91,100,354.67,1,2,0,1,2,1,1,71,4,6,8,4,6,0,1,1
68.54,49.21,4.38,91.61,417.91,0,4,1,2,1,1,1,89,10,5,0,5,8,0,1,0
54.77,44.16,4.61,49.78,347.1,1,2,1,1,1,1,1,52,9,9,8,7,0,0,1,0
49.51,52.58,5.15,85.71,394.17,0,3,0,3,2,0,1,85,5,10,6,0,20,0,1,0
33.16,48.84,3.70,66.95,326.43,1,1,1,1,2,0,1,54,4,9,1,9,12,0,1,1
86.56,47.82,3.09,54.62,295.25,0,2,0,1,2,0,1,45,1,5,10,8,18,0,1,0
66.08,55.88,3.13,16.81,290.05,1,1,0,2,3,0,1,72,9,7,4,3,20,0,0,1
67.69,50.91,4.89,21.53,335.94,1,3,1,1,2,1,1,46,9,7,1,7,0,0,1,0
42.06,43.35,3.88,50.09,371.92,0,2,0,3,3,1,1,72,5,4,4,4,19,0,1,1
56.2,40.84,2.34,40.09,262.14,1,1,1,3,3,1,1,86,6,3,6,0,20,0,1,0
53.78,51.18,5.26,54.5,446.31,0,2,1,1,3,0,1,68,2,10,4,8,18,0,0,1
66.73,41.04,5.15,77.45,403.39,0,3,0,2,1,1,1,77,2,4,1,7,17,1,0,1
75.4,40.18,4.63,67.3,375.69,1,4,0,3,3,0,1,76,6,8,10,4,4,1,0,0
33.49,40.35,4.67,36.07,390.79,0,3,0,3,2,1,1,83,10,9,4,10,2,1,1,1
38.88,53.06,4.16,68.5,317.62,1,4,1,1,2,1,1,71,9,5,9,3,1,1,0,1
64.69,64.32,3.12,31.72,276.21,1,4,1,1,1,1,1,97,3,2,5,7,9,0,0,1
47.38,54.17,4.65,27.16,370.49,0,3,1,3,1,0,1,42,1,2,4,8,5,1,0,0
67.22,60.64,4.64,57.63,402.21,1,1,1,1,2,1,1,93,8,0,1,6,18,1,0,0
49.4,49.16,5.43,33.71,325.31,0,2,1,1,1,1,1,59,8,4,5,3,16,1,1,0
36.27,51.71,4.74,37.16,302.79,0,2,1,3,1,0,1,53,5,5,5,6,18,1,1,0
28.61,69.84,3.90,69.88,322.9,1,2,1,2,3,1,1,67,1,7,1,5,12,1,1,1
62.26,59.94,4.83,63.15,374.06,0,4,0,2,3,1,1,77,2,10,3,10,16,0,1,1
62.63,61.24,4.01,42.56,380.1,1,4,1,3,1,0,1,43,4,8,6,2,17,1,1,0
69.55,46.83,5.39,17.5,440.5,1,3,0,1,2,0,1,54,10,6,0,9,10,1,1,1
59.92,49.94,5.08,35.3,372.32,0,1,0,3,3,0,1,56,10,0,0,2,19,0,0,1
10,54.87,4.09,88.84,308.35,1,3,1,3,2,0,1,76,4,6,10,0,19,1,1,0
62.55,42.72,4.98,69.33,335.13,0,3,0,1,1,1,1,63,8,9,10,4,12,0,1,0
33.14,21.64,3.21,78.47,297.64,0,1,0,2,2,1,1,77,9,8,5,7,10,0,1,1
26.98,54.76,5.41,55.12,405.34,0,4,0,2,2,0,1,81,2,3,6,5,19,0,1,0
25.18,61.54,3.95,42.98,294.24,0,3,1,1,2,1,1,80,1,10,4,7,18,0,1,1
23.8,50.66,4.38,68.1,321.72,1,3,0,3,2,1,1,75,9,6,9,6,9,1,0,1
59.18,42.85,4.12,75.64,374.07,0,4,1,1,1,0,1,97,7,8,7,1,2,1,0,0
44.03,46.03,4.56,40.41,429.76,0,2,1,3,1,1,1,80,6,0,10,7,20,0,0,0
32.21,25.66,4.59,35.74,492.81,0,1,1,1,3,1,1,47,8,9,3,3,5,1,0,1
55.35,46,2.96,19.57,282.98,1,1,0,1,3,1,1,42,2,8,2,10,6,0,0,0
38.41,36.62,4.67,35.23,381.88,1,2,0,2,3,0,1,69,5,3,6,4,20,1,1,1
69.72,41.6,4.64,63.38,348.85,0,1,1,2,3,1,1,61,4,7,3,10,19,1,0,1
76.75,36.01,4.91,38.07,337.54,1,2,1,1,2,1,1,91,4,2,0,7,4,0,0,0
51.74,34.63,4.51,68.63,335.86,1,3,1,1,3,1,1,72,9,1,10,4,8,1,1,0
75.66,37.95,3.73,89.34,288.27,0,1,0,2,3,0,1,64,7,7,7,4,9,0,0,0
75.63,57.59,4.87,50.5,433.34,0,1,0,3,2,0,1,91,0,7,4,5,13,0,0,0
56.27,43.88,4.36,49.67,245.95,1,3,0,2,1,1,0,98,0,2,7,6,10,1,1,1
81,36.7,4.81,60.97,342.62,1,4,0,3,3,1,1,69,2,7,7,8,16,1,1,0
45.68,59.05,4.57,38.51,424.87,1,4,0,2,1,0,1,76,10,10,4,10,10,0,1,0
25.67,51.55,3.96,37.05,361.35,0,3,0,2,3,0,1,42,1,10,7,6,6,0,0,0
31.68,21.64,4.74,37.65,316.49,1,1,0,3,1,0,1,43,1,5,6,5,10,1,0,1
44.98,61.95,4.39,27.09,318.51,1,1,1,1,3,0,1,68,1,9,2,9,12,1,0,0
63.01,50.86,4.86,68,393.97,1,1,0,2,1,1,1,96,3,8,3,3,18,1,1,0
37.68,59.24,4.74,40.07,334.71,1,2,1,2,1,0,1,71,0,9,10,10,5,1,0,0
44.86,47.3,4.46,72.23,348.4,0,4,0,2,3,0,1,62,9,5,6,9,1,0,0,0
36.26,69.26,4.08,60.59,381.11,0,1,1,1,1,0,1,95,8,7,3,1,13,1,0,0
45.21,45.42,3.74,49.54,396.51,0,4,0,2,3,0,1,58,4,1,5,10,15,1,0,1
75.14,18.37,4.28,66.19,322.1,1,4,0,1,3,1,1,54,4,0,1,10,6,0,1,1
60.36,39.33,3.43,31.13,281.72,0,1,0,2,2,1,1,90,8,9,1,8,0,1,1,1
46.35,56.03,3.11,34.39,299.86,1,3,1,3,3,1,1,55,4,9,2,9,1,0,1,0
73.31,51.91,4.38,64.27,419.05,1,3,0,2,3,1,1,62,10,1,9,10,8,0,1,0
55.38,48.53,4.59,6.09,353.42,0,4,0,2,3,0,1,79,7,3,6,4,17,1,0,1
57,38.16,3.19,50.29,287.54,1,2,1,1,3,1,1,85,10,9,2,4,20,1,1,0
72.14,50.22,4.06,61.81,303.33,1,4,0,1,2,1,1,76,0,8,2,10,19,0,0,1
49.86,49.83,5.08,76.22,408.23,1,4,0,1,2,0,1,40,0,6,3,2,17,0,1,0
68.74,49.7,4.53,80.31,354.34,0,3,1,3,2,1,1,58,3,8,9,2,17,1,1,1
67.67,56.45,2.43,47.39,266.26,0,1,0,3,2,1,1,76,7,8,5,0,9,0,0,1
52.82,52.18,3.18,65.41,294.89,0,1,1,1,1,1,1,74,2,8,0,10,7,0,0,0
34.06,46.97,5.28,33.91,407.64,0,2,1,3,3,0,1,69,0,7,5,4,20,0,1,0
55.19,37.97,5.04,41.13,321.61,0,3,1,1,2,0,1,56,10,5,7,2,7,0,0,0
72.06,66.32,5.53,77.35,454.74,0,3,0,3,3,0,1,78,8,10,7,10,1,0,1,0
67.3,73.78,4.31,49.2,445.77,0,4,0,1,2,1,1,88,8,9,5,1,17,0,0,0
80.65,70.93,4.53,53.19,424.48,0,3,1,1,3,0,1,65,8,6,5,10,10,0,1,1
47.64,58.39,4.76,29.34,374.91,0,4,1,3,1,0,1,52,8,1,2,8,10,1,1,0
66.69,29.9,5.26,58.45,401.65,0,2,0,2,2,1,1,93,1,10,1,9,18,0,1,1
39.91,28.43,4.76,65.08,347.21,1,3,0,1,1,0,1,61,10,0,6,5,10,1,1,0
58.02,43.42,6.43,64.46,348.51,0,3,0,1,1,1,1,85,10,4,7,2,9,0,0,1
71.58,49.34,3.29,25.77,290,1,4,1,2,3,1,1,62,10,7,9,6,7,1,0,1
68.6,48.85,5.07,70,347.77,1,3,0,1,2,0,1,83,3,2,5,8,14,0,1,1
56.55,52.33,3.48,30.04,286.57,0,1,1,1,1,1,1,82,1,6,4,8,7,1,1,0
50.98,33.29,4.83,49.47,350.31,0,2,1,3,3,1,1,72,6,4,3,0,18,1,1,1
40.08,69.29,2.84,17.64,289.45,1,1,0,2,3,1,1,66,10,9,0,1,0,1,0,0
51.61,68.06,4.88,46.41,306.57,0,4,0,1,3,0,1,74,2,7,8,7,19,1,1,1
35.35,34.26,2.61,29.93,222.26,0,4,1,1,1,1,0,51,8,5,10,10,2,0,0,0
49.85,27.66,4.38,41.02,310.87,1,4,1,2,3,0,1,48,6,5,9,0,20,0,0,1
27.91,48.92,4.26,51.2,314.01,0,2,0,2,3,0,1,73,7,6,3,10,11,0,1,0
35.22,65.15,4.54,66.54,334.55,0,3,1,3,3,1,1,53,8,6,1,10,15,0,0,0
67.79,49.61,6.16,65.86,409.53,1,1,0,3,1,1,1,76,7,3,3,2,15,1,1,1
66.12,53.12,3.57,3.25,347.36,1,3,0,3,3,1,1,42,6,9,10,10,16,0,1,1
50.67,44.72,4.84,63.57,396.4,1,4,1,1,1,1,1,83,8,9,4,6,15,0,0,0
55.97,51.76,3.69,54.13,398.43,0,3,1,2,3,1,1,83,10,9,1,7,8,0,0,1
57.98,61.33,4.76,38.8,420.5,1,2,0,3,1,0,1,100,0,7,6,4,18,0,1,0
61.9,54.95,5.04,32.39,304.7,0,4,1,2,1,0,1,60,10,5,2,1,0,1,0,0
60.3,56.91,3.03,48.75,290.9,0,3,1,1,2,1,1,46,3,10,7,2,17,0,0,1
34.95,30.04,3.96,54.61,344.18,0,1,0,1,2,0,1,72,3,7,3,8,5,0,0,0
18.35,75.66,2.64,57.56,297.88,1,4,1,2,2,0,1,74,4,6,10,10,5,1,1,1
39.75,30.18,4.84,46.05,338.51,0,4,0,2,1,0,1,50,7,0,4,9,11,1,1,0
52.69,51.88,4.13,1,302.52,0,2,1,3,3,1,1,84,9,3,2,6,2,0,0,0
69.4,48.19,3.11,40.09,289.04,1,2,0,2,3,0,1,71,0,6,10,0,10,1,1,0
58.52,48.72,4.52,26.33,367.77,1,1,1,3,1,0,1,61,5,8,4,2,5,0,1,0
63.02,60.44,4.67,91.1,443.26,0,3,1,2,3,0,1,94,8,1,8,8,13,0,0,1
41.55,41.51,5.57,51.19,337.49,1,3,1,2,1,1,1,81,9,4,10,6,17,0,0,0
53.94,44.81,4.82,64.82,363.86,0,4,1,2,3,0,1,58,7,8,1,1,15,0,0,1
55.98,36.24,3.49,62.7,353.25,0,4,1,1,1,1,1,75,1,8,6,5,12,1,1,0
43.66,63.47,4.59,56.21,348.28,0,3,1,1,2,0,1,93,6,5,9,8,0,1,1,0
38.96,53.19,4.67,41.68,421.45,1,3,1,1,2,1,1,76,4,6,7,3,5,1,0,1
51.6,57.65,4.93,39.12,336.17,1,3,1,3,3,0,1,50,1,8,2,9,13,1,1,0
64.92,59.74,2.10,9.59,188.06,0,4,0,3,3,1,0,80,10,9,10,1,16,0,1,0
41.43,73.9,4.44,52.84,306.13,0,2,1,1,3,0,1,52,0,7,3,2,12,1,1,1
51.88,71.8,4.75,56.01,355.34,0,2,1,1,3,1,1,67,1,9,10,6,12,1,0,0
75.32,53.88,4.93,49.04,344.65,0,1,1,2,2,1,1,88,10,5,9,3,8,0,1,0
47.21,51.9,3.90,52.87,338.52,1,3,1,2,2,0,1,54,9,5,1,6,5,0,1,0
55.11,43.61,4.33,25.87,324.49,1,3,1,3,1,0,1,52,5,6,9,4,5,1,0,1
53.41,58.93,4.26,44.12,354.3,1,3,0,3,3,1,1,92,10,6,8,7,4,0,1,1
52.18,58.49,4.67,37,452.76,1,1,0,2,2,1,1,82,7,1,2,7,20,0,1,1
80.03,41.25,5.38,63.3,333.69,1,3,1,3,1,0,1,72,2,8,8,4,13,0,0,1
59.59,58.64,5.20,50.82,458.17,0,2,1,1,1,1,1,47,4,3,6,6,13,1,1,1
31.45,62.1,3.87,37.2,373.58,1,3,1,2,1,0,1,94,10,9,5,10,3,1,0,1
77.93,36.54,4.96,46.8,316.48,0,1,1,2,2,0,1,71,1,8,10,5,1,1,1,1
59.12,52.28,5.56,29.21,393.35,0,4,0,3,1,1,1,76,7,10,10,7,1,0,1,1
49.4,49.21,3.52,43.44,228.27,1,4,1,2,3,0,0,93,3,9,2,8,16,1,0,0
75.24,49.94,3.74,61.65,349.24,1,2,0,2,1,1,1,87,10,2,10,4,9,0,0,1
43.32,38.57,4.26,23.35,375.93,0,2,1,1,1,0,1,43,9,4,6,6,13,1,0,0
80.74,28.08,5.13,48.78,376.55,0,2,0,2,2,0,1,96,5,4,10,0,18,0,1,0
56.4,40.94,4.15,35,381.85,0,4,0,2,1,0,1,90,2,6,2,10,16,0,1,0
70.08,39.25,4.72,23.37,386.24,1,3,0,2,2,0,1,57,10,3,10,7,10,1,0,0
95,54.24,4.89,87.31,364.86,1,1,1,2,2,0,1,62,7,10,5,2,6,1,0,0
57.7,54.43,4.04,75.08,386.14,1,1,1,1,3,0,1,68,7,3,7,0,8,1,0,1
53.55,53.75,4.47,38.04,322.01,1,3,1,2,1,0,1,41,2,0,4,5,13,1,1,1
38.99,33.24,3.38,44.2,408.82,0,4,1,1,3,0,1,52,8,5,10,7,3,0,1,0
53.19,36.57,3.99,9.56,327,1,4,1,1,3,0,1,55,9,3,10,10,13,1,0,1
39.46,42.6,4.87,18.15,407.85,0,1,0,1,1,0,1,93,4,10,2,2,19,0,1,1
52.2,50.28,3.88,27.44,349,1,2,0,3,1,0,1,98,9,9,5,0,19,0,1,1
95,45.98,5.32,49.33,360.91,1,2,0,3,2,0,1,47,8,9,7,2,16,1,1,1
56.79,53.73,3.78,47.71,394.11,1,1,1,2,1,1,1,58,6,4,9,4,18,0,0,1
46.69,61.71,4.78,56.63,425.33,0,1,0,1,2,1,1,71,9,10,2,10,16,1,1,0
51.85,38.01,4.57,63.57,352.03,0,3,1,3,3,0,1,42,2,8,10,7,13,1,0,0
48.82,38.46,5.22,55.56,360.81,1,3,0,2,3,0,1,90,5,3,10,8,12,1,0,0
70.73,51.62,2.28,28.37,220.85,0,3,1,3,2,1,0,88,9,0,4,8,13,0,0,0
53.65,49.02,5.08,56.48,306.53,0,3,0,1,1,0,1,71,1,10,8,3,15,1,0,0
79.13,58.92,3.01,62.71,274.45,1,3,1,2,1,0,1,80,5,8,9,7,20,1,0,1
50.26,50.09,4.01,41.45,329.73,1,3,0,1,2,0,1,60,4,4,9,10,14,0,0,1
51.23,70.89,4.73,13.07,316.61,0,2,0,1,3,1,1,64,2,9,2,4,18,1,1,0
41.55,30.95,4.60,73.68,310.43,1,1,0,3,2,0,1,92,6,10,10,2,10,1,0,0
49.25,60.08,2.70,51.77,298.33,0,4,1,2,1,1,1,94,10,6,1,4,11,0,1,1
29,52.39,4.53,1,376.27,0,3,0,2,1,1,1,56,3,2,10,1,10,1,1,1
23.05,33.16,2.81,91.41,260.49,1,2,0,2,2,0,1,64,10,3,7,10,4,0,1,0
64.37,25.18,3.06,40.42,295.45,0,1,0,3,1,1,1,72,5,9,6,10,7,0,1,0
28.82,36.5,4.83,98.78,351.66,1,1,1,2,3,1,1,70,8,8,8,10,5,0,0,1
61.09,64.51,5.29,57.55,398.48,0,1,0,3,2,1,1,75,5,9,3,5,15,0,1,1
47.49,63.14,3.88,45.95,303.49,0,3,1,2,3,0,1,62,3,0,2,0,11,0,0,0
69.09,48.46,6.07,53.67,402.52,0,3,0,3,3,0,1,98,9,10,9,5,5,0,0,1
29.15,45.65,2.02,35.81,213.41,0,4,0,2,2,1,0,86,1,4,4,4,12,0,1,1
63.97,39.73,4.42,51.23,350.11,0,3,1,3,2,0,1,83,8,7,10,8,6,0,0,0
59.97,47.75,4.79,90.21,365.3,0,1,1,1,1,1,1,64,3,9,0,6,7,0,1,1
60.44,44.31,4.64,32.03,300.58,1,1,0,1,1,0,1,88,3,6,4,5,11,1,0,0
71.86,70.52,2.69,60.67,284.51,0,2,1,1,2,0,1,83,1,3,2,10,1,1,0,1
56.05,35.16,4.40,35.6,356.33,0,2,1,2,2,1,1,87,4,6,0,6,8,1,0,0
18.28,54.71,4.25,46.64,348.22,0,4,1,3,1,0,1,69,5,0,2,9,12,0,1,1
61.74,71.08,4.21,89.53,309.42,1,2,0,1,1,1,1,52,9,5,4,4,16,0,1,1
59.8,59.29,4.92,60.53,335.56,0,4,0,2,1,0,1,82,5,8,4,0,12,0,0,0
51.33,36.51,4.68,64.91,319.91,0,2,0,3,2,1,1,86,2,2,9,8,15,1,0,0
42.37,31.49,4.65,51.42,412.54,0,1,1,1,2,0,1,68,8,3,7,4,0,1,1,1
49.59,53.29,4.95,100,384,1,3,1,1,1,1,1,55,6,7,10,3,6,1,0,0
76.87,51.81,4.65,31.01,359.69,1,3,1,2,3,0,1,77,2,4,0,5,12,0,1,0
41.2,64.79,5.41,18.41,444.36,1,4,1,3,3,0,1,66,3,4,6,4,13,0,1,1
28.89,56.58,5.31,83.72,401.74,0,3,0,2,1,1,1,65,6,0,4,0,20,1,1,1
32.98,44.18,4.59,42.37,412.2,0,3,1,1,2,0,1,50,10,5,2,1,16,1,1,1
54.47,43.37,4.72,58.21,429.05,0,2,0,2,2,1,1,86,7,1,3,3,15,0,0,0
80.06,34.33,4.87,84.33,342.2,1,1,1,2,3,0,1,76,5,0,2,7,14,1,1,1
88.07,51.55,3.31,58.47,289.11,0,3,0,1,1,1,1,42,3,5,7,4,16,1,1,1
64.75,33.15,2.99,94.62,260.81,1,1,0,1,3,1,1,65,1,4,3,6,1,0,1,0
40.28,60.92,4.56,52.72,386.96,1,2,1,3,3,1,1,73,9,4,2,1,11,1,1,0
41.87,57.07,5.14,35.84,301.67,0,2,1,3,1,1,1,72,7,8,1,7,2,0,0,0
68.14,56.69,4.70,2.93,500,0,3,1,1,3,1,1,54,0,9,2,4,8,0,1,1
74.97,34.14,4.77,56.01,307.89,1,3,0,1,2,1,1,41,8,9,6,3,5,0,0,0
45.37,48.2,2.90,5.27,299.26,0,2,1,3,3,1,1,67,7,2,5,8,5,1,1,1
76.37,45.33,4.39,56.49,388.89,1,2,0,2,1,1,1,100,2,0,9,5,6,0,1,1
51.56,51.23,5.05,79.19,389.92,1,4,1,1,2,0,1,59,9,7,4,3,7,0,0,1
65.71,56.34,5.41,49.66,439.85,0,4,0,1,2,0,1,77,3,4,7,7,2,0,1,1
72.18,43.84,4.91,53.8,337.52,0,1,1,2,3,0,1,83,9,10,10,2,14,1,0,0
32.77,44.29,5.65,68.31,408,0,2,0,3,2,0,1,92,3,4,0,9,5,1,1,0
61.77,58.16,4.51,63.39,341.88,0,1,0,3,1,1,1,55,1,7,2,1,10,1,0,0
76.43,36.45,4.84,73.21,377.3,0,2,0,2,3,1,1,85,10,7,1,6,2,0,0,0
46.59,41.04,4.34,49.62,339.32,0,1,1,1,2,0,1,43,9,10,1,3,15,1,0,1
39.15,50.07,5.16,4.98,445.69,0,4,0,2,1,0,1,47,4,1,10,3,5,1,0,0
62.42,60.8,4.93,73.52,463.38,1,2,1,1,3,1,1,83,2,2,0,9,10,1,0,1
57,38.37,3.05,45.22,290.51,0,2,0,3,1,0,1,94,10,9,4,8,7,1,1,0
50.09,71.48,5.30,32.43,413.85,0,1,1,1,2,1,1,85,0,9,4,1,9,0,0,0
54.97,33.79,4.09,56.72,303.49,0,1,1,1,3,0,1,59,1,0,2,0,9,0,0,1
29.95,68.6,6.05,53.73,408.1,0,3,0,1,3,1,1,65,10,2,8,6,2,0,1,1
61.07,64.4,4.50,35.01,432,1,3,0,1,2,1,1,71,6,3,5,7,13,0,0,1
78.89,32.84,3.89,24.29,301.91,0,4,1,1,1,0,1,52,0,10,9,2,18,0,1,0
44.28,30.41,3.58,59.37,288.89,1,2,0,3,2,0,1,100,1,6,5,1,20,0,1,1
42.57,58.64,4.90,33,325.24,1,2,1,2,3,1,1,44,9,8,9,3,20,1,0,0
57.59,45.47,5.31,52.29,408.4,1,1,1,3,3,0,1,83,6,4,5,1,8,1,0,1
95,37.92,4.81,57.47,373.78,1,4,1,1,2,0,1,81,0,0,1,1,12,1,0,0
71.5,71.74,4.49,69.36,337.59,1,2,1,2,1,1,1,92,6,1,10,4,8,1,0,1
53.59,35.67,4.05,92.38,386.05,0,4,1,1,2,0,1,90,7,9,9,9,20,0,0,1
55.59,41.28,4.54,54.74,335.4,1,3,1,3,1,0,1,52,10,1,9,4,11,0,0,1
72.98,42.7,4.16,41.49,356.59,1,1,1,3,1,1,1,80,1,8,7,7,13,1,1,1
41.36,16.41,4.99,83.17,377.25,0,2,1,1,3,1,1,50,3,9,5,8,4,1,1,0
64.18,51.1,4.43,70.96,373.88,1,1,1,1,1,1,1,76,6,6,2,1,5,0,1,0
38.24,39.06,4.59,53.37,434.52,0,3,0,2,3,0,1,99,0,1,9,0,12,1,1,0
68.87,59.73,2.84,54.73,289.89,0,4,1,2,1,1,1,71,5,0,8,2,12,1,0,0
50.59,61.3,4.71,50.54,397.34,0,4,1,1,1,0,1,84,4,4,1,5,5,1,0,1
58.01,52.78,4.22,53.24,302.98,0,3,1,2,3,0,1,81,10,0,6,4,13,0,1,1
49.62,52.92,4.09,47.96,329.75,1,3,0,1,1,0,1,57,5,8,2,7,10,0,0,0
65.48,51.96,4.62,30.5,342.02,1,2,0,1,2,0,1,68,7,2,5,7,12,0,0,0
52.38,41.6,4.62,50.18,328.83,1,2,0,1,1,1,1,54,10,1,4,1,11,1,1,0
87.37,42.62,2.75,85.15,282.75,0,2,0,3,3,0,1,59,10,5,5,8,15,0,1,0
76.28,65.88,4.26,33.68,327.46,0,2,0,1,3,0,1,83,0,2,7,3,5,1,1,0
35.44,58.82,4.62,44.57,363.62,0,2,0,1,2,0,1,75,2,4,2,0,8,1,1,1
57.87,52.47,3.78,32.16,343.29,1,4,1,1,1,1,1,44,10,9,1,1,16,0,0,1
66.03,57.2,4.30,73.15,423.63,0,2,0,2,2,1,1,79,8,7,7,10,19,0,1,0
48.13,49.27,4.14,66.59,344.61,1,3,0,1,1,1,1,76,7,9,0,5,15,0,0,0
73.19,52.22,4.39,24.43,350.74,1,3,0,3,2,0,1,72,3,1,1,4,11,0,1,1
71.42,57.13,4.66,9.63,359.12,0,2,0,3,3,0,1,57,10,4,9,6,17,0,1,0
53.75,25.11,5.24,67.31,343.35,0,3,0,1,3,1,1,58,9,10,0,8,8,0,1,0
69.72,60.87,4.93,23.21,373.89,0,1,1,1,2,1,1,90,8,7,4,5,2,0,0,1
18.84,60.01,4.42,66.57,324.1,0,4,1,1,1,0,1,71,6,0,7,5,9,1,0,1
75.36,40.63,2.99,37.24,291.7,0,4,0,3,1,1,1,81,1,9,1,1,10,0,0,1
68.3,64.93,4.00,63.9,346.42,1,2,1,2,3,0,1,61,0,9,3,6,1,1,0,0
38.68,23.39,4.49,58.88,369.24,1,1,0,2,1,1,1,80,0,10,3,1,7,0,1,0
58.78,54.24,4.36,39.27,358.15,0,2,1,1,2,0,1,97,2,3,10,6,19,1,1,1
24.61,50.48,4.66,32.42,305.57,0,2,1,2,2,0,1,40,9,4,10,7,10,1,1,0
43.55,46.29,4.09,61.52,358.02,0,3,0,3,1,0,1,93,1,9,6,0,17,0,1,0
71.43,50.23,4.76,36.15,383.94,1,4,0,1,3,1,1,64,3,10,0,8,19,0,0,0
54.81,56.99,5.27,72.18,360.12,1,1,0,2,3,1,1,59,7,2,8,7,6,0,1,0
53.98,28.33,4.45,33.35,314.5,1,3,1,1,3,0,1,97,4,1,2,8,13,1,1,0
55.68,62.01,4.70,57.01,353.83,1,4,1,1,3,1,1,74,4,2,5,4,6,0,1,1
53.93,45.08,5.35,42.2,435.13,0,4,0,3,3,0,1,84,5,10,9,3,0,0,0,0
69.81,62.19,2.80,50.11,298.1,1,2,0,3,2,1,1,45,4,4,4,0,11,1,0,1
45.72,57.72,5.11,35.99,404.79,1,1,1,2,1,1,1,45,4,6,3,8,0,1,0,1
61.29,44.83,3.01,46.43,237.87,0,2,0,3,2,0,0,100,6,1,8,3,2,1,1,0
37.83,49.05,4.55,1,322.74,0,3,1,1,3,1,1,89,5,6,10,3,1,1,0,1
66.12,49.75,4.11,33.74,328.48,1,2,1,3,3,1,1,76,9,5,8,3,2,1,0,1
50.18,69.28,5.01,38.25,404.05,0,2,0,2,1,0,1,88,10,6,0,1,3,1,1,0
54.39,36.31,5.25,48.56,438.63,0,4,1,2,1,0,1,100,1,6,6,10,13,1,0,1
49.57,44.74,5.73,75.86,405.63,0,4,1,2,1,0,1,96,0,8,9,3,17,1,1,0
51.47,31.01,4.98,36.05,375.58,1,3,1,3,2,0,1,96,0,6,8,1,4,0,1,0
39.93,51.49,6.08,78.28,403.14,1,4,1,3,1,1,1,42,3,5,4,7,14,0,0,1
59.94,42.52,2.62,32.77,282.37,0,4,0,3,2,1,1,76,1,9,0,6,15,1,1,0
63.32,43.97,4.94,27.84,394.69,0,4,1,3,3,0,1,70,5,7,7,10,7,1,1,1
35.04,67.82,3.09,12.32,294.89,1,2,0,3,2,1,1,74,8,6,4,9,20,1,1,1
46.05,40.12,5.59,62.14,313.04,1,1,1,2,1,0,1,94,9,5,5,1,7,1,1,0
55.45,48.09,4.10,51.72,369.78,0,3,0,2,2,0,1,84,10,3,6,1,6,1,0,0
46.02,44.5,2.58,60.95,288.21,0,2,1,3,2,0,1,54,9,6,9,1,5,0,1,0
51.66,45.25,4.70,52.63,411.29,1,3,1,1,2,1,1,56,7,7,6,0,6,1,0,0
79.24,83.26,3.44,49.82,350.07,0,2,0,2,1,1,1,54,3,7,6,5,18,1,1,0
39.73,29.18,2.74,55.69,284.93,1,3,1,1,2,1,1,44,1,3,0,5,0,0,1,0
20.32,57.73,4.62,93.05,425.48,0,4,0,1,1,0,1,61,0,9,6,0,12,1,1,0
46.02,79.13,4.58,40.52,336.85,1,3,1,2,2,0,1,85,6,8,10,10,6,1,1,0
50.08,62.95,4.67,91.09,341.81,0,1,0,1,2,1,1,50,9,2,2,0,0,0,1,0
47.65,50.56,5.44,67.05,338.98,1,3,0,1,2,1,1,67,2,8,4,5,9,1,1,0
59.03,35.93,3.48,57.3,204.14,0,1,1,2,1,1,0,53,5,2,9,10,12,1,1,1
39.58,65.66,4.71,61.09,412.91,0,3,1,2,1,1,1,78,4,6,4,5,3,1,0,1
37.37,61.25,4.05,1,351.4,0,4,1,3,1,0,1,42,4,3,7,3,6,0,0,0
44.88,31.64,4.75,44.77,357.66,0,3,1,2,3,1,1,94,1,4,6,2,5,1,0,0
45.19,46.16,3.84,36.6,384.05,1,2,1,1,1,1,1,91,8,2,6,8,5,1,1,0
86.81,35.53,5.42,92.25,335.32,0,4,1,2,2,0,1,81,10,1,5,5,20,0,0,0
78.29,15.69,3.59,43.17,293.93,1,4,1,3,3,1,1,50,3,7,6,0,10,0,1,0
29.96,35.25,4.27,49.4,303.46,1,2,1,2,1,1,1,69,9,6,6,2,8,1,0,1
26.05,51.27,3.64,49.08,393.66,0,4,1,1,1,1,1,77,0,6,4,0,6,1,0,0
53.71,56.96,5.18,23.87,349.41,1,4,0,2,3,0,1,44,1,7,4,2,8,1,1,0
83.67,46.12,4.94,38.8,400.3,0,2,0,1,3,0,1,91,8,0,3,1,5,1,1,1
64.99,66.49,5.62,66.34,409.09,1,4,0,2,1,1,1,61,6,7,3,4,18,1,1,0
54.51,62.35,3.70,7.36,394.36,0,4,1,3,3,0,1,52,9,9,4,2,13,1,1,0
48.16,48.5,4.70,56.23,412.82,0,4,0,3,2,1,1,83,1,4,9,6,0,1,1,1
71.16,46.97,4.50,31.97,314.41,1,4,1,2,2,1,1,90,6,7,8,7,15,0,0,0
57.67,54.59,4.52,76,380.1,1,3,1,1,2,0,1,90,3,8,10,6,8,0,1,0
80.98,49.79,4.27,57.9,326.63,0,4,1,3,1,1,1,60,9,1,5,1,14,1,1,1
29.68,32.89,3.31,19.6,295.28,1,4,1,1,2,0,1,98,1,2,7,9,18,0,1,0
61.35,46.46,3.97,41.68,373.04,0,4,0,2,3,0,1,76,3,5,8,9,9,1,0,1
46.55,57.99,4.43,59.07,387.71,0,3,0,3,2,0,1,64,4,8,3,6,15,1,1,0
61.21,65.78,4.56,43.92,332.79,1,1,0,3,3,1,1,91,3,9,6,9,2,1,0,1
58.76,61.52,4.76,52.9,352.38,0,4,1,1,2,1,1,60,2,9,4,2,18,1,0,1
62.64,54.01,4.86,49.62,385.15,1,1,1,3,3,1,1,67,5,7,3,6,12,0,0,0
69.66,67.49,3.94,67.34,319.4,0,1,0,1,2,1,1,80,0,5,6,0,13,1,0,1
75.85,55.09,3.73,58.79,390.53,0,2,1,1,2,0,1,43,7,4,2,1,6,1,1,1
84.28,48.94,5.14,49.04,304.68,0,2,0,2,2,1,1,68,4,2,0,9,1,1,1,0
55.24,67.74,4.67,50.36,370.39,1,1,0,1,3,1,1,86,7,3,6,0,13,1,1,1
46.86,58.64,2.63,28.34,289.55,0,3,0,3,3,0,1,74,9,6,8,8,16,0,1,1
36.61,65.62,5.78,79.35,417.3,0,4,1,1,2,0,1,62,3,6,1,1,12,1,0,0
61.52,35.75,4.56,100,384.24,1,4,0,3,3,1,1,46,3,2,6,1,1,0,0,1
67.52,39.68,5.59,43.39,450.53,0,4,1,1,3,0,1,95,4,3,9,5,4,0,1,0
34.77,40.19,4.53,50.95,303.28,1,2,0,2,1,1,1,91,4,2,1,6,3,1,1,1
72.17,52.18,5.53,70.3,383.28,1,2,1,2,2,1,1,91,10,1,2,1,2,1,1,1
53.48,71.89,5.38,70.19,349.03,1,4,1,1,3,0,1,85,5,5,9,3,13,1,0,1
36.16,36.33,2.88,53.57,276.69,0,1,0,1,3,0,1,85,4,6,9,2,10,0,0,1
42.28,60.86,4.99,30.48,355.52,1,2,1,1,3,1,1,48,4,3,2,4,7,0,0,0
40.85,35.57,4.82,86.36,378.44,0,4,1,2,3,1,1,97,7,4,3,8,8,1,1,1
41.12,75.41,5.68,63.62,448.51,1,1,1,1,1,1,1,62,5,7,5,1,15,1,0,0
63.55,30.84,4.02,54.41,324.78,0,4,0,1,3,1,1,42,1,8,2,4,2,0,0,0
67.96,58.88,4.84,35.54,373.72,1,2,1,3,3,1,1,100,3,6,8,7,9,1,0,1
80.49,60.56,5.03,51.16,365.34,1,3,0,2,1,0,1,48,3,9,1,5,0,0,1,0
44.53,57.44,3.62,13.71,341.3,1,3,0,2,2,1,1,100,4,0,6,3,8,0,0,1
60.14,39.47,3.91,64.82,344.99,0,2,1,1,2,0,1,92,5,10,5,9,15,0,1,0
45.29,37.32,3.48,69.69,387.32,1,1,0,1,1,0,1,43,10,2,1,7,8,0,1,1
55.3,65.27,4.37,54.6,344.97,0,4,0,3,2,0,1,88,4,10,10,2,11,1,1,0
32.79,62.58,4.86,30.79,338.24,0,2,0,1,2,1,1,64,10,4,2,3,0,1,0,0
38.15,62.42,5.25,59.04,324.67,0,1,0,2,1,1,1,45,5,2,5,10,15,0,1,1
67.05,63.87,3.04,65.75,274.92,0,4,0,3,3,0,1,87,7,0,9,8,7,1,0,1
32.75,31.57,5.31,35.14,396.69,0,4,1,2,1,0,1,98,3,1,3,4,13,0,0,0
64.22,31.21,3.81,68.68,324.14,0,2,1,1,1,0,1,57,10,7,0,5,13,1,1,0
44.86,41.94,4.15,60.49,411.65,1,4,0,3,1,0,1,84,2,6,0,10,9,0,1,0
26.12,44.24,4.97,44.52,413.05,1,3,0,2,1,0,1,46,8,9,2,1,0,1,1,0
16.92,42.97,5.19,38.85,469.91,0,3,1,2,1,1,1,74,2,2,7,8,5,1,0,0
76.95,53.33,4.48,46.42,372.23,0,4,1,2,3,0,1,70,10,3,10,7,8,0,1,0
26.42,63.38,3.47,30.59,378.01,1,2,1,1,2,1,1,77,7,2,3,6,18,1,0,1
54.03,46.47,4.46,55.21,380.61,1,4,0,1,1,0,1,95,9,3,10,8,15,0,1,1
60.31,40.22,3.85,61.17,363.01,0,2,0,1,3,0,1,71,4,7,0,4,18,1,0,1
35.3,59.76,5.33,73.37,409,1,2,1,1,1,1,1,74,8,8,7,4,10,0,1,0
46.7,46.62,4.68,55.95,345.87,0,3,0,2,3,1,1,100,2,6,9,10,20,1,1,0
62.18,51.29,4.03,57.83,377.61,1,3,1,3,2,0,1,67,9,8,5,10,10,1,0,1
59.4,46.01,4.24,44.64,344.57,1,1,1,1,3,1,1,83,9,8,0,8,13,0,1,1
48.09,54.08,2.47,32.52,284.44,1,2,0,3,3,1,1,44,7,6,9,10,6,0,1,1
58.55,37.83,4.47,41.4,387.22,1,4,1,2,2,0,1,69,6,6,9,4,11,1,1,1
53.47,58.72,3.48,78.56,212.51,1,2,1,1,2,0,0,61,6,7,5,8,19,1,1,1
40.44,49.61,4.01,62.68,377.47,0,3,1,2,3,0,1,56,10,9,0,0,19,0,0,1
73.01,40.83,5.25,58.15,404.37,0,2,1,1,1,1,1,49,9,2,9,9,4,0,0,1
58.11,56.37,4.23,13.69,379.4,1,1,1,1,1,0,1,46,8,7,9,9,0,0,0,1
27.37,40.82,4.10,56.26,310.54,0,4,0,3,2,0,1,43,7,0,2,10,10,0,0,0
62.83,41.35,4.95,23.41,427.32,0,2,1,2,1,1,1,81,2,5,1,7,14,1,0,1
45.77,35.58,4.48,24.83,440.73,1,4,0,2,2,0,1,66,5,1,3,2,9,1,1,1
50.66,29.56,4.22,27.07,383.28,0,4,0,2,3,1,1,46,10,6,1,7,14,1,0,1
55.12,56.41,4.40,34.54,442.74,0,3,1,3,3,1,1,62,5,2,10,4,12,1,1,0
43.11,63.99,5.98,66.67,456,1,2,1,3,1,0,1,50,4,10,4,1,14,1,0,1
82.05,44.59,4.52,54.53,317.92,0,4,1,2,2,1,1,92,2,9,3,8,1,1,1,0
32.6,40.42,4.15,31.14,304.45,1,3,0,2,1,1,1,47,8,4,5,3,12,0,0,0
55.85,28.25,4.61,38.39,387.16,1,1,0,1,1,0,1,47,6,9,6,6,11,1,1,0
60.72,23.92,2.44,59.97,192.96,0,1,0,1,3,1,0,76,3,1,1,7,3,0,0,0
55.62,58.72,4.39,63.96,338.92,1,2,1,3,1,0,1,44,5,0,1,6,11,0,1,0
52.14,26.31,4.81,52.67,317.05,0,4,1,1,3,0,1,46,4,4,7,10,14,0,1,1
49.34,36.27,4.88,27.05,340.54,0,2,1,2,2,0,1,61,0,8,8,5,12,0,1,1
42.95,53.4,2.73,41.75,288.64,1,4,1,2,1,0,1,75,1,8,4,6,1,1,1,0
42.69,51.08,4.21,97.62,342.37,0,3,1,1,3,0,1,41,0,6,6,3,19,0,1,0
72.38,53.9,4.36,25.78,380.3,0,1,0,1,1,1,1,63,8,8,8,9,15,0,0,0
48.37,50.08,3.85,57.5,436.29,0,1,0,3,2,1,1,90,8,3,0,0,13,1,1,0
86.98,45.72,3.74,92.42,373.43,0,1,0,1,1,1,1,41,4,2,7,4,20,0,1,0
65.03,36.35,3.68,44.53,261.27,0,1,1,3,1,0,1,87,7,10,9,7,1,0,1,1
14.99,42.39,5.32,86.68,353.27,0,2,1,1,3,0,1,51,9,3,9,9,16,1,0,0
68.25,46.53,4.88,36.25,420.96,0,4,0,1,2,0,1,86,3,6,8,5,15,0,1,0
54.2,27.32,4.79,10.5,339.64,1,2,1,1,2,0,1,81,0,7,8,4,3,1,1,0
34.15,40.56,4.66,38.41,384.27,0,3,0,1,2,1,1,94,3,1,9,1,10,1,0,1
74.56,45.53,6.54,34.85,410.64,1,1,1,2,1,1,1,65,6,4,6,9,12,1,0,1
48.46,41.73,5.06,16.6,358.62,1,4,1,2,3,0,1,77,10,4,9,4,5,1,1,1
47.19,45.89,4.44,41.65,367.94,0,2,1,2,1,0,1,95,1,8,2,9,16,1,1,0
60.63,58.02,4.02,69.82,379.48,1,4,1,1,1,0,1,84,1,2,4,2,0,0,0,0
72.14,59.5,3.70,38.12,329.21,1,2,0,3,1,1,1,45,5,5,1,1,8,1,1,1
56.7,68.14,4.60,42.48,339.78,1,4,1,1,2,1,1,62,8,9,10,2,20,1,1,1
55.63,31.91,4.12,77.41,306.1,0,4,0,2,3,0,1,41,2,4,9,3,17,1,1,1
44.55,44.95,3.79,35.03,325.74,1,1,0,3,2,0,1,65,6,1,2,1,10,1,0,0
71.89,64.73,4.18,62.38,390.56,1,2,0,3,1,1,1,53,9,1,9,3,13,1,1,0
56.85,29.05,3.96,15.85,376.95,1,3,0,2,1,1,1,57,8,3,6,3,1,0,1,1
51.62,35.89,3.84,30.68,293.33,1,4,0,1,3,0,1,77,10,3,0,5,19,0,0,1
49.76,42.61,4.94,45.73,302.43,1,3,1,3,2,0,1,96,8,6,2,4,10,1,0,0
70.4,74.53,4.50,74.18,320.86,1,1,0,3,1,0,1,71,10,0,4,6,1,0,0,1
51.07,38.31,3.74,31.75,279.51,0,3,0,2,1,1,1,90,3,10,10,10,3,1,1,0
70.44,63.01,4.54,31.51,362.81,1,4,0,3,3,0,1,98,1,5,3,6,12,1,1,1
47.93,49.67,4.07,55.45,318.74,1,4,0,3,1,1,1,97,0,10,2,2,5,1,0,0
65.83,36.24,5.26,58.66,375.8,0,4,0,3,2,0,1,53,5,8,5,8,6,0,1,0
58.11,83.6,5.27,29.29,400.79,0,2,1,1,2,0,1,69,4,1,5,6,19,1,0,1
40.74,52.34,2.48,39.56,266.35,1,3,0,1,1,0,1,52,5,4,3,6,2,1,1,0
53.7,54.51,4.40,71.73,318.77,1,2,1,2,1,1,1,79,6,9,8,1,3,0,1,0
22.14,56.41,2.56,26.4,272.73,0,4,0,1,1,0,1,70,8,10,10,9,20,1,1,1
43.84,55.48,2.31,56.83,258.13,1,4,1,3,3,1,1,76,9,9,5,2,19,0,1,0
31.33,75.82,4.96,39.65,377.23,1,1,1,1,3,0,1,84,9,3,8,2,2,0,1,1
84.96,71.43,5.45,78.05,360.56,0,1,1,3,2,1,1,77,10,3,10,5,0,1,1,0
31.51,38.82,3.80,61.61,321.71,1,4,1,3,2,0,1,61,5,7,9,3,18,0,0,1
93.79,74.22,4.78,67.61,302.48,0,2,1,1,1,1,1,98,5,5,9,3,20,1,1,0
62.71,41.6,2.67,39.25,295.93,1,2,1,1,1,0,1,67,2,6,1,0,12,0,0,0
47.22,53.87,4.26,66.49,358.83,1,4,1,1,1,1,1,97,7,10,5,5,13,0,1,1
67.1,32.58,4.20,65.97,338.4,0,3,0,1,3,1,1,98,8,8,3,7,15,0,0,1
45.33,62.44,4.07,60.39,305.19,0,2,1,2,3,0,1,100,0,2,1,7,3,1,0,0
33.86,46.31,4.52,44.35,370.87,1,4,0,1,1,1,1,58,5,10,4,7,16,0,1,1
56.19,36.21,4.08,53.25,364.13,1,1,0,2,1,1,1,82,6,1,2,4,9,1,1,1
65.5,64.26,4.64,12.95,301.47,1,4,0,3,2,0,1,98,10,2,5,9,6,1,1,0
74.18,67.23,4.47,85.18,326.29,0,2,1,2,3,1,1,55,7,7,10,5,12,1,0,1
62.47,67.64,4.38,37.92,393.03,0,4,0,3,1,0,1,44,9,8,7,4,12,0,1,0
47.06,31.72,4.05,43.3,387.42,0,3,1,2,3,0,1,83,10,9,3,3,13,0,1,1
75.79,68.88,4.21,23.64,317.19,0,3,1,2,1,1,1,88,7,4,3,3,5,1,1,0
72.44,46.39,5.38,63.46,433.08,0,2,1,3,1,1,1,41,6,7,4,3,15,1,1,1
59.04,74.62,4.75,60.58,341.24,0,4,0,2,2,1,1,49,7,10,5,3,8,1,0,0
73.16,57.5,4.01,44.09,389.42,1,3,0,3,2,1,1,86,10,6,10,5,19,1,1,0
87.77,53.02,3.05,3.31,297.43,0,3,1,1,2,1,1,58,8,8,6,5,15,1,0,1
46.85,50.1,4.88,35.77,342.39,0,1,1,3,1,0,1,59,9,3,5,4,20,1,0,1
41.5,49.84,3.67,59.2,304.22,0,2,1,2,2,0,1,68,6,9,6,10,20,0,1,0
46.41,41.85,3.27,55.03,267.32,0,1,1,1,1,1,1,64,2,2,8,10,11,1,1,1
34.76,37.18,4.17,49.08,347.88,1,1,0,2,3,1,1,56,8,8,3,8,15,1,0,0
63.87,45.65,4.79,41.52,333.6,0,3,0,1,3,1,1,90,0,7,9,7,4,1,1,0
30.85,64.29,4.62,18.43,403.6,1,4,0,3,1,1,1,90,7,6,0,9,10,1,0,1
73.98,33.24,3.60,69.28,321.12,0,1,0,1,2,1,1,52,5,0,8,5,0,0,0,1
44.92,66.09,3.69,21.2,363.44,1,2,0,1,2,0,1,84,10,1,6,10,9,0,1,1
75.38,51.72,4.52,45.92,329.71,0,2,1,1,3,0,1,55,2,8,3,8,10,1,1,0
16.64,59.38,4.63,29.3,301.34,0,4,1,2,1,0,1,93,8,4,9,4,14,1,1,1
49.22,60,4.05,69.87,390.33,0,2,0,1,1,1,1,92,5,0,7,9,2,1,0,1
35.6,61.14,4.82,61.64,319.29,0,1,1,3,1,1,1,74,6,8,6,3,14,0,0,1
75.3,50.27,3.67,42.86,328.29,1,4,0,3,3,1,1,75,10,0,1,5,10,0,1,0
80.19,50.63,2.97,63.82,290.63,1,2,1,3,3,0,1,98,1,7,0,3,8,0,1,1
19.84,60.73,2.39,20.17,265.57,0,2,1,1,2,0,1,78,0,4,8,7,1,1,0,1
67.99,37.5,4.17,48.41,372.66,0,1,1,3,1,0,1,42,0,10,6,6,11,0,0,0
71.03,35.67,4.52,28.9,345.04,1,1,0,2,1,0,1,48,2,5,9,4,19,1,1,1
59.89,44.42,4.07,70.5,395.91,1,1,0,3,1,1,1,79,10,0,0,9,15,1,0,0
63.82,53.46,4.31,57.49,375.45,1,1,0,1,1,1,1,100,2,1,3,5,15,1,1,1
62.74,73.05,3.50,63,287.75,0,4,1,3,3,1,1,89,7,6,4,10,20,1,0,0
68.04,50.58,4.21,38.94,350.16,1,4,1,1,2,1,1,92,6,1,4,6,0,1,1,0
38.61,74,4.92,64.9,348.23,0,4,1,1,3,1,1,85,9,4,4,1,15,0,1,0
73.01,56.19,4.44,27.66,400.55,0,3,1,3,2,1,1,91,7,10,10,8,5,0,0,1
58.14,44.56,5.26,30.53,411.65,1,1,1,2,1,0,1,99,0,8,2,6,13,0,0,1
57.24,63.76,3.72,46.5,263.55,0,1,0,2,1,1,1,68,3,4,4,7,10,1,1,0
63.5,47.09,3.76,31.31,404.93,0,4,0,3,1,1,1,44,7,2,3,4,0,0,1,1
35.94,53.01,4.10,64.19,398.21,1,2,1,1,1,1,1,42,9,10,4,2,19,1,1,1
31.7,33.96,4.79,40.53,309.41,0,2,0,3,1,1,1,49,1,5,6,1,16,1,1,1
53.18,31.9,4.40,28.39,347.72,1,1,1,1,3,1,1,70,6,6,4,1,18,1,0,0
78.15,56.64,3.19,25.8,244.84,1,1,1,1,2,1,0,50,7,9,7,2,1,0,1,1
37.22,63.24,4.20,63.95,347.49,1,4,0,1,3,1,1,56,8,10,7,0,13,0,0,0
57.63,73.35,3.04,1,297.51,0,1,1,2,1,1,1,79,6,9,2,0,7,0,0,0
44.25,40.29,4.42,29.78,376.05,1,2,0,2,2,0,1,80,8,10,4,6,5,0,1,1
42.24,67.56,5.08,78.06,370.66,1,2,0,3,2,0,1,47,1,7,3,9,8,1,0,1
62.51,65.77,4.63,43.11,345.3,0,1,0,2,1,0,1,91,10,2,4,10,4,1,0,0
66.39,44.11,4.67,64.33,359.83,0,4,1,1,2,1,1,99,0,10,7,7,4,1,1,1
43.19,66.66,4.29,58.55,310.51,1,4,0,1,3,0,1,41,0,3,3,5,17,1,1,1
75.81,61.33,2.76,46.18,293.58,0,2,1,3,3,1,1,43,10,9,4,6,13,1,1,0
61.34,63.71,4.78,16.82,455.72,0,4,1,1,3,0,1,55,3,3,6,0,11,0,1,1
51.37,76.01,5.20,23.48,401.23,0,2,1,3,3,0,1,80,0,1,2,0,11,0,1,0
60.21,63.21,4.29,23.15,356.54,0,1,1,3,2,1,1,97,6,6,5,8,5,1,0,0
85.55,24.36,4.64,59.64,339.3,0,2,1,1,3,1,1,80,7,3,8,4,3,1,1,1
66.3,53.87,6.04,63.39,470.14,1,1,1,2,2,1,1,60,2,3,10,6,14,1,1,0
44.52,31.2,5.44,32.42,433.68,1,4,1,1,1,1,1,44,0,7,3,5,14,1,0,1
54.72,51.82,4.34,48.42,335.76,1,3,1,1,3,0,1,97,2,5,3,3,16,1,1,1
56.97,51.12,5.10,50.16,301.47,0,3,0,3,1,0,1,74,1,5,5,0,2,0,1,1
64.98,43,4.30,51.56,352.62,0,3,0,2,3,1,1,53,5,10,5,3,9,1,1,0
58.59,37.67,3.48,34.76,331.1,1,2,1,3,1,0,1,54,10,8,2,9,20,0,0,0
83.43,43.64,4.00,82.76,302.64,1,3,1,1,1,0,1,45,6,3,0,9,7,0,1,0
51.6,45.95,4.06,63.56,418.6,1,2,0,3,1,0,1,55,8,8,2,7,8,1,1,1
29.05,48.42,4.32,51.46,376.22,0,4,0,3,1,1,1,62,4,0,7,10,2,1,1,1
58.22,51.27,4.51,39.62,329.64,1,1,0,1,1,1,1,99,3,10,7,0,0,0,1,0
48.38,57.02,5.34,33.33,328.95,0,3,0,3,2,1,1,70,0,8,5,1,10,0,1,1
32.44,46.25,4.66,57.96,350.64,1,2,0,1,2,0,1,81,10,0,6,7,12,0,0,1
44.45,65.36,4.39,40.52,325.7,1,4,0,3,3,1,1,85,5,6,1,1,11,1,1,0
49.62,49.54,4.91,52.67,321.38,0,4,1,2,2,1,1,51,10,5,8,10,20,0,1,0
72.1,61.09,3.89,12.01,452.69,0,3,0,1,1,0,1,80,7,6,2,9,6,1,1,0
32.75,46.35,4.62,39.4,304.4,1,4,0,2,2,1,1,94,3,8,1,8,1,0,1,1
60.25,82.92,3.39,47.82,239.42,1,4,0,3,2,1,0,58,0,9,4,2,0,1,1,1
88.31,55.61,3.76,69.36,382.72,1,4,0,2,1,1,1,51,4,3,0,2,19,1,0,1
52.38,69.62,5.57,31.55,405.82,0,2,1,2,2,0,1,84,9,8,4,5,2,0,0,0
51.94,41.67,4.67,20.28,357.71,0,4,1,2,1,1,1,94,4,2,9,2,3,1,1,0
65.8,44.63,2.79,58.89,269.44,1,4,1,3,2,0,1,52,1,9,3,8,16,1,1,0
62.83,46.97,4.82,48.72,343.2,1,4,1,1,1,0,1,88,5,10,5,10,17,0,0,0
76.26,79.68,5.64,15.56,324.56,1,4,1,3,3,0,1,41,9,10,4,7,16,1,0,1
52.49,47.45,5.09,16.56,416.86,0,4,1,3,2,0,1,59,8,8,8,3,18,0,0,0
65.53,40.12,4.62,37.06,307.74,1,2,1,3,3,0,1,94,5,0,4,5,3,0,1,1
65.77,65.61,4.27,48.33,361.52,1,4,1,1,1,0,1,70,7,4,7,7,16,0,0,0
49.97,50.71,4.08,77.79,379.9,0,4,0,3,1,1,1,48,9,9,1,3,1,1,1,1
53.29,47.38,4.92,28.38,307.12,1,1,0,3,3,1,1,60,2,4,2,4,9,1,1,0
54.83,42.68,4.07,60.78,320.25,1,4,1,1,1,0,1,47,9,0,2,6,11,0,0,1
36.43,55.87,4.54,10.78,371.66,0,4,1,1,1,0,1,78,1,0,2,7,12,1,1,1
49.17,62.75,2.26,57.22,189.8,0,2,1,1,1,1,0,76,3,2,5,6,10,0,1,0
77.44,59.46,5.24,80.13,418.1,1,4,0,2,1,1,1,68,8,8,6,7,20,0,0,1
70.57,44.25,3.17,52.83,299.43,0,2,1,1,1,1,1,58,8,6,6,3,7,0,1,0
46.3,38.15,5.02,36.64,352.21,0,3,1,2,1,0,1,74,2,5,6,0,19,1,0,1
54.76,10,2.74,74.65,282.37,0,4,1,2,1,0,1,84,0,8,2,5,4,1,0,0
69.57,38.65,4.87,56.98,415.92,0,1,1,3,1,1,1,77,0,3,0,4,1,1,0,0
61.65,45.53,4.01,53.07,350.03,0,2,0,2,3,0,1,65,3,3,5,10,11,0,1,0
67,49.29,4.28,29.65,360.69,0,3,1,3,2,0,1,50,3,2,2,3,1,0,0,1
63.01,46.75,4.69,57.28,377.97,0,1,0,2,1,0,1,75,10,4,2,1,5,1,0,1
58.23,83.61,5.38,36.31,404.49,1,2,0,1,3,0,1,74,9,4,2,0,18,1,1,0
52.51,55.9,2.54,56.23,294.06,0,3,1,3,1,1,1,43,5,9,8,8,11,0,0,1
37.07,35.15,4.93,50.97,336.53,0,1,0,2,2,0,1,42,4,6,3,1,12,0,1,0
65.38,57.87,5.68,71.68,413.13,0,4,1,3,1,0,1,84,5,6,4,8,16,0,1,1
51.67,54.7,4.71,38.48,328.04,0,1,0,1,3,0,1,86,9,5,2,5,11,0,0,0
30.28,37.4,5.94,47.01,418.35,1,1,1,2,3,0,1,51,6,3,9,5,2,1,0,0
46.82,53.47,4.11,65.97,360.3,1,1,0,2,2,1,1,71,6,6,0,1,7,1,1,0
67.78,56.36,3.88,45.28,328.8,0,2,0,1,1,0,1,86,9,1,3,5,15,0,0,0
26.26,62.29,3.61,49.57,384.67,1,4,1,2,3,0,1,65,9,8,0,2,3,0,1,0
39.56,28.69,5.25,41.87,342.32,1,4,0,2,2,1,1,82,8,6,10,6,12,1,0,1
57.06,57.78,4.83,46.73,392.51,1,2,1,3,2,0,1,82,5,1,10,9,7,0,1,1
76.09,66.92,4.47,63.42,326.05,1,1,1,2,1,0,1,52,7,9,6,3,0,0,0,1
70,72.65,4.64,86.72,392.84,1,4,0,1,3,0,1,83,1,1,6,8,2,1,0,1
77.52,35.29,3.94,16.43,371.88,0,1,1,2,1,0,1,77,7,5,3,4,0,1,1,0
58.12,48.25,5.72,24.7,333.07,0,4,1,3,1,1,1,68,8,10,4,9,14,1,0,0
51.86,49.41,3.06,47.17,258.85,0,2,1,2,1,1,1,94,3,6,9,2,17,0,0,0
67.65,58.11,4.55,50.99,373.92,1,3,1,3,3,1,1,91,4,8,6,0,19,0,1,1
41.51,48.02,5.36,45.65,403.75,0,1,0,2,2,0,1,90,4,3,5,0,2,1,1,0
40.34,41.42,4.74,38.93,359.61,1,4,0,3,1,0,1,58,1,7,3,3,14,1,1,1
37.67,52.61,3.11,25.35,237.77,0,4,0,3,1,1,0,98,4,9,3,9,4,0,0,1
71.33,45.95,4.60,37.78,406.98,0,4,1,2,3,1,1,74,8,1,1,9,20,0,0,1
42.48,56.75,4.74,66.34,369.9,0,2,0,1,1,0,1,87,3,5,9,3,9,0,1,0
70.01,40.29,5.44,51.86,380.89,0,2,0,1,2,0,1,80,9,3,1,8,6,1,1,1
57.23,37.73,5.17,63.51,346.02,1,3,0,2,1,0,1,98,2,7,3,7,7,1,0,1
71.53,65.79,3.80,25.93,253.4,0,2,1,2,2,0,1,66,6,8,4,3,2,0,1,1
38.42,77.27,4.24,78.88,379.03,0,1,0,2,1,0,1,85,7,1,3,5,17,1,1,1
45.62,71.87,4.01,38.76,339.03,1,2,1,2,1,0,1,99,9,6,2,6,16,1,1,1
61.81,49.14,4.44,59.5,313.45,1,4,0,2,1,0,1,70,5,6,10,9,15,1,0,0
48.54,62.66,5.03,47.5,437.15,0,1,0,1,2,0,1,42,5,7,1,7,12,0,0,1
17.6,41.76,5.05,39.2,379.43,0,2,1,3,1,0,1,74,4,4,3,3,3,0,1,1
34.42,56.1,3.65,58.66,360.95,1,1,0,3,1,0,1,63,10,10,10,0,2,1,0,1
38.3,42.99,5.26,62.01,306.86,1,1,1,1,1,1,1,91,5,2,4,4,10,0,0,0
39.41,65.08,4.42,100,300.6,0,2,1,1,2,0,1,46,8,0,0,0,1,1,1,1
65.23,63.48,4.29,62.79,375.09,1,1,0,3,1,0,1,90,1,3,0,10,17,1,0,0
60.06,74.91,2.49,62.49,250.25,1,4,1,1,3,0,1,95,9,2,5,10,3,0,1,1
57.43,47.25,3.67,72.9,377.54,0,4,1,2,2,1,1,74,10,1,4,3,16,1,0,0
85.13,68.95,4.91,60.64,380.62,0,2,1,1,3,0,1,60,2,5,10,6,5,1,1,0
72.63,56.08,5.04,49.23,418.75,0,2,1,1,1,1,1,40,0,6,3,6,9,1,1,0
67.03,50.9,3.86,56.51,399.09,1,4,0,1,2,0,1,83,3,9,0,0,10,1,1,1
32.57,54.04,4.35,67.1,407,0,2,1,1,2,1,1,92,1,6,6,8,4,1,0,1
55.89,70.38,4.33,77.82,320.13,0,4,1,3,1,1,1,45,5,7,3,1,17,1,1,1
59.48,48.42,3.83,19.79,276.72,0,1,0,3,3,0,1,78,0,1,2,4,9,0,0,1
48.77,49.03,4.37,12.2,358.78,1,2,0,3,2,1,1,73,7,10,6,5,8,1,1,0
80.6,25.21,3.75,76.97,372.18,0,3,0,3,2,1,1,57,9,9,1,0,15,0,0,1
55.77,48.24,4.88,34.05,400.57,0,4,1,2,2,0,1,64,5,5,9,1,9,0,1,1
36.57,53.17,4.86,16.84,424.34,1,4,1,2,2,0,1,54,8,5,0,6,9,0,1,0
40.04,40.85,1.65,14.96,291.78,1,1,1,3,2,0,1,86,5,9,10,5,3,0,0,0
89.24,37.91,4.47,86.04,392.84,0,3,1,3,1,0,1,71,9,0,3,5,20,0,1,0
48.7,27.79,2.88,67.55,237.8,0,3,0,3,2,0,0,81,6,1,7,5,13,1,1,0
23.82,42.98,4.85,34.1,363.76,0,3,0,1,3,0,1,88,4,8,5,6,7,1,0,1
46.01,67.05,5.42,34.92,384.99,1,4,1,2,2,1,1,89,7,7,8,9,0,0,0,1
27.6,32.22,3.56,51.1,273.67,0,4,1,2,1,1,1,57,7,3,0,8,15,1,1,0
68.76,59.47,4.37,67.19,381.2,0,3,1,1,1,0,1,70,9,5,0,8,16,0,1,0
25.68,60.55,2.45,44.12,296.75,1,2,1,1,3,0,1,68,8,1,10,1,9,1,0,1
33.97,79.43,5.79,34.28,330.3,1,3,0,1,2,0,1,54,5,4,4,1,5,0,1,0
55.06,62.46,4.53,72.7,392.98,0,1,0,2,3,0,1,97,0,1,5,4,6,0,1,0
71.64,61.45,4.51,49.48,334.12,1,3,0,1,3,1,1,62,8,4,7,9,17,0,0,0
53.96,54.41,4.49,46.17,333.35,0,3,0,1,3,1,1,77,2,6,2,6,1,1,1,1
36.14,50.01,4.60,61.84,365.97,0,3,1,1,3,0,1,80,8,6,5,2,20,1,1,1
57.74,60.23,4.43,7.27,389.91,1,2,0,3,2,1,1,50,6,8,2,2,8,0,0,1
47.98,64.98,4.21,59.48,349.95,1,3,1,1,1,1,1,54,2,2,7,3,4,0,1,0
71.99,52.05,4.73,58.22,429.08,1,3,0,3,1,0,1,62,8,3,10,2,7,1,1,1
67.82,65.5,4.48,22.42,333.22,1,4,0,2,2,0,1,42,6,8,10,2,4,1,1,0
46.94,84.6,4.73,11.17,411.63,0,3,1,2,3,1,1,58,6,7,3,7,14,0,1,1
66.7,50.85,4.14,38.71,376.48,1,1,0,2,2,0,1,40,6,6,1,6,7,0,1,0
59.07,51.19,4.55,53.66,383.6,1,4,0,3,3,0,1,63,1,7,8,6,4,0,0,0
75.5,48.89,2.87,55.7,291.97,0,2,0,1,3,0,1,88,10,8,9,9,4,1,1,1
66.06,51.6,5.75,84.08,410.81,0,4,0,2,2,1,1,50,3,3,7,1,19,0,1,1
63.2,64.68,3.17,53.67,356,0,2,1,1,2,1,1,69,9,4,5,10,16,1,0,0
74.92,51.04,5.55,22.02,465.61,1,2,0,3,3,1,1,89,7,8,2,8,8,1,1,0
55.23,52.27,5.12,44.98,362.86,0,1,0,2,3,1,1,50,1,6,1,5,1,0,1,0
43.4,47,3.46,24.03,348.99,1,3,0,1,3,0,1,99,3,3,3,2,0,1,1,0
58.01,55.87,4.33,46.42,324.3,1,1,1,1,3,0,1,78,9,5,3,8,20,0,0,0
49.67,43.96,4.31,78.18,350.24,1,4,1,2,2,1,1,40,7,10,0,8,10,0,1,1
64.06,35.29,4.30,59.18,420.56,1,2,0,1,1,1,1,51,2,0,8,5,14,1,0,0
55.93,55.37,4.11,35.58,389.14,0,4,0,3,1,0,1,43,5,0,9,9,0,0,0,1
61.04,73.75,3.94,61.85,364.74,0,2,0,2,3,1,1,64,1,8,7,5,6,1,1,1
36.94,46.52,5.38,34.44,392.79,0,4,1,2,1,1,1,47,7,7,6,7,18,1,0,1
62.62,37.51,4.97,1,327.88,0,2,0,2,1,1,1,54,7,0,5,7,14,0,0,1
35.72,72.99,5.14,25.33,324.05,0,1,0,2,1,1,1,82,0,10,2,5,5,1,0,0
69.43,50.55,4.86,59.17,318.65,1,2,1,3,1,1,1,69,2,1,3,6,19,1,0,1
69.45,61.33,3.94,65.45,399.4,1,3,1,3,1,1,1,100,1,3,1,3,9,0,1,1
60.22,41.25,4.74,84.35,404.4,1,1,1,1,1,1,1,79,6,0,6,0,11,1,1,1
59.65,50.12,4.74,56.82,310.06,1,3,0,3,3,0,1,71,6,1,1,3,12,0,1,0
51.65,66.81,3.89,76.94,316.24,0,4,0,1,3,0,1,83,3,4,9,7,14,0,1,1
45.95,51.57,4.86,62.6,343.21,1,4,0,1,3,0,1,74,7,7,0,7,18,1,0,1
54.78,51.72,2.88,68.75,298.85,1,2,1,2,2,1,1,60,2,5,5,1,16,1,1,1
84.74,32.14,4.31,72.03,361.77,1,2,0,1,1,0,1,70,8,5,3,6,12,0,1,0
58.44,59.44,5.36,59.74,421.8,1,4,0,2,1,0,1,75,4,3,7,0,1,1,0,0
34.81,40.57,4.72,71.5,368.4,1,1,1,1,2,0,1,66,1,1,0,1,17,0,1,0
29.37,63.44,4.82,36.03,401.36,1,3,1,3,1,0,1,83,8,2,8,7,10,1,0,1
33.43,52.43,3.58,1.47,283.97,0,4,0,2,3,1,1,47,0,5,5,10,4,0,1,0
49.34,53.49,3.96,63.01,324.83,0,1,1,1,3,0,1,98,10,5,1,9,3,0,1,0
73.99,59.27,3.31,57.5,255.17,1,3,0,3,2,0,1,62,7,4,7,3,1,1,1,0
39.65,54.5,4.80,32.49,346.88,1,2,0,3,3,0,1,62,5,5,4,2,15,1,0,1
76.33,70.62,4.85,24.75,459.1,1,1,0,2,2,0,1,81,0,10,4,1,6,1,1,0
57.69,68.72,5.16,52.61,438.54,1,1,1,2,3,1,1,97,3,5,4,10,7,0,1,1
62.25,35.39,3.87,64.34,369.32,1,4,0,2,1,1,1,94,2,0,6,5,7,0,0,1
61.84,47.95,4.96,60.4,354.04,0,3,1,1,3,0,1,72,6,5,6,3,1,1,1,1
63.86,60.04,4.41,29.61,374.02,0,4,1,2,2,0,1,52,6,4,9,2,14,1,1,1
48.83,38.69,2.74,34.09,291.06,1,2,1,3,1,0,1,78,5,7,10,2,4,0,0,0
19.98,31.18,5.02,63.39,362.2,0,2,1,3,2,0,1,91,9,8,6,9,18,1,0,0
46.17,40.88,2.65,51.45,242.78,1,3,0,2,1,1,0,99,9,5,9,2,9,1,1,1
41.68,48.62,2.30,71.2,222.16,1,3,1,2,1,1,0,74,7,9,1,7,8,0,0,1
59.66,10,3.72,43.53,332.68,0,3,0,3,3,0,1,100,6,3,7,8,19,1,0,1
58.29,36.63,5.30,64.79,468.69,0,4,0,1,3,1,1,55,3,2,0,8,7,0,0,1
50.91,28.66,4.36,49.21,433.31,0,3,0,3,1,1,1,51,6,9,1,4,4,0,1,0
81.33,63.76,5.88,35.54,407.25,0,3,0,3,3,0,1,100,0,0,10,0,18,1,1,0
45.39,61.18,3.46,68.56,350.87,1,4,1,3,3,0,1,70,2,6,6,9,12,1,0,1
21.61,53.34,5.85,30.15,427.96,0,2,1,2,2,1,1,44,1,4,3,4,13,1,0,0
56.79,51.2,4.61,51.48,324.39,0,2,0,1,3,1,1,89,6,3,10,0,7,0,1,0
72.84,56.54,2.95,53.55,290.82,0,1,0,1,1,1,1,79,8,8,9,8,15,0,0,0
59.31,38.02,4.23,47.59,321.48,1,2,0,2,3,0,1,83,4,6,9,9,4,0,0,0
49.65,65.03,3.20,69.82,269.67,1,3,1,3,1,0,1,99,8,9,8,7,0,1,1,1
58.61,51.12,4.98,61.45,463.32,1,2,1,2,1,0,1,64,7,7,10,6,18,0,1,0
82.58,61.01,5.05,59.07,377.15,0,4,0,2,2,0,1,60,0,3,8,1,18,0,1,1
41.87,60.52,4.56,51.37,306.47,0,2,0,1,1,1,1,42,10,9,2,1,16,0,0,0
55.46,56.41,4.58,87.13,346.04,0,2,0,1,1,0,1,87,1,9,2,3,20,1,0,0
65.05,53.76,4.32,79.29,344.48,1,1,1,2,2,1,1,49,5,7,8,8,9,0,0,1
58.81,52.86,4.97,68.39,421.74,0,1,0,2,1,1,1,62,4,3,9,8,4,1,1,0
51.28,49.24,5.15,65.1,461.91,0,3,1,1,2,1,1,56,10,0,7,7,6,1,0,1
48.61,55.8,4.14,37.95,404.26,1,4,1,1,1,1,1,81,6,10,0,10,15,0,1,0
50.72,52.47,3.83,49.02,387.11,0,3,1,3,3,0,1,74,8,7,5,4,2,0,1,1
62.98,44.16,4.87,62.72,365.97,0,4,0,2,2,1,1,64,3,0,6,6,11,0,0,0
62.11,57.32,4.59,71.03,355.79,0,4,1,3,2,1,1,41,7,2,10,8,13,1,1,1
86.42,53.37,4.41,67.84,354.6,0,1,1,3,1,0,1,66,3,6,7,2,19,1,0,0
31.95,64.52,4.51,61.62,355.69,1,2,0,3,2,1,1,85,2,2,1,3,0,1,0,1
81.37,28.27,4.67,90.01,340.11,1,2,0,1,1,0,1,48,1,7,0,1,6,1,1,0
51.93,50.43,4.23,47.29,327.57,1,1,0,3,2,0,1,98,7,4,3,8,17,0,0,1
53.64,41.3,2.61,70.26,296.99,0,3,1,1,2,0,1,88,10,2,0,6,3,0,1,1
67.88,43.79,4.60,67.83,338.26,0,2,1,1,3,0,1,43,7,4,1,5,15,1,1,0
67.79,56.72,2.51,58.88,284.43,1,3,0,1,1,1,1,99,10,4,2,4,10,1,1,1
72.35,32.77,4.70,59.61,321.83,0,2,1,2,3,0,1,65,2,7,3,6,17,1,0,1
75.62,51.6,3.65,59.21,344.5,1,3,0,3,2,1,1,71,0,8,5,2,15,1,0,0
54.4,50.37,5.01,35.84,363,1,4,0,1,1,1,1,68,5,5,7,4,6,1,0,0
75.81,37.4,4.74,58.02,362.13,0,4,1,2,3,0,1,61,4,9,8,1,20,1,1,0
45.56,51.9,4.63,64.97,374.72,1,2,1,2,2,1,1,86,7,2,3,4,2,1,1,1
50.42,40.86,4.99,56.44,370.45,1,3,1,2,3,1,1,52,5,1,0,6,4,1,0,1
52.27,76.37,5.83,13.16,439.68,1,3,1,1,2,1,1,62,3,10,4,10,17,0,1,0
47.1,64.42,5.51,18.28,432.89,1,4,0,1,2,0,1,70,9,2,4,9,16,0,0,1
55.9,50.81,3.58,33.64,330.77,1,3,0,1,1,1,1,90,9,8,8,10,0,1,0,0
68.45,44.82,3.86,47.76,395.95,1,1,1,2,1,0,1,80,10,6,5,6,15,0,0,1
64.77,56.05,4.19,34.71,341.23,0,3,1,1,1,0,1,75,1,10,4,8,14,0,0,0
45.8,59.21,3.01,62.92,266.42,1,4,1,3,2,0,1,92,7,10,9,2,12,0,1,1
44.57,53.05,4.76,73.84,383.25,1,1,0,1,3,1,1,79,4,8,9,7,6,1,0,0
42.17,37.82,4.14,76.67,323.62,0,1,0,1,1,1,1,70,7,5,4,4,2,1,1,0
56.33,47.48,4.59,56.74,316.04,0,3,1,3,1,1,1,99,4,7,7,6,12,1,1,0
31.29,50.94,4.12,71.68,320.84,1,4,0,1,1,0,1,54,5,9,10,0,15,0,0,1
41.64,53.48,4.19,38.75,312.27,0,4,0,1,1,1,1,53,9,10,0,0,0,1,0,1
48.12,53.76,4.30,46.97,441.62,0,4,0,1,2,0,1,74,4,8,4,3,0,0,1,1
70.83,58.77,2.54,26.66,289.74,1,1,0,1,3,0,1,63,10,2,0,4,15,1,0,0
53.02,66.1,3.82,74.14,342.31,0,4,1,2,2,1,1,69,2,6,6,9,1,1,1,1
70.09,62.15,2.51,89.32,265.58,1,1,1,1,2,1,1,69,9,8,6,2,17,0,1,1
57.81,57.08,5.03,43.03,313.42,1,1,1,3,2,0,1,66,7,1,9,5,20,1,1,0
47.89,34.91,2.53,6.6,284.32,1,2,1,3,1,0,1,88,2,6,7,2,17,0,1,0
48.5,64.24,5.82,30.89,375.83,1,3,0,2,3,1,1,79,3,4,6,4,4,1,0,0
37.51,59.83,3.25,37,273.81,0,4,1,1,2,1,1,53,5,7,10,10,4,1,0,0
91.05,46.93,5.09,23.48,421.55,1,1,1,3,2,1,1,84,1,3,8,0,7,1,0,1
71.66,50.36,2.57,29.39,284.28,0,3,1,2,2,0,1,86,6,0,7,2,8,0,1,0
64.06,50.79,3.35,54.09,298.05,0,1,1,1,1,1,1,50,4,10,7,6,13,1,0,1
35.45,44.75,4.21,63.19,383.72,1,3,1,2,1,1,1,98,9,9,2,2,12,0,1,0
48.23,29.02,5.06,8.71,443.92,1,1,0,1,2,0,1,86,4,7,9,4,17,0,1,1
40.37,36.6,5.78,39.36,328.17,0,4,1,2,1,0,1,83,4,5,3,6,3,0,1,0
56.91,39.12,4.45,50.75,379.72,1,2,0,2,3,1,1,65,1,7,3,1,17,1,0,0
41.09,26.39,3.57,28.66,297.77,1,2,0,3,1,1,1,95,10,2,0,2,19,1,0,0
44.95,36.64,4.15,54.72,324.46,1,2,0,3,2,1,1,93,9,7,5,3,14,1,1,0
41.48,63.69,4.48,47.64,344.57,0,1,0,2,3,0,1,60,8,7,1,4,6,1,0,0
51.4,55.83,5.39,41.03,308.62,0,3,0,1,1,1,1,48,2,0,8,8,12,1,1,1
56.07,38.35,4.69,32.71,407.02,0,4,0,1,2,0,1,93,6,3,0,8,1,0,0,1
51.8,41.74,5.41,55.47,390.1,0,4,1,1,3,1,1,86,4,6,0,3,8,0,0,1
77.99,64.75,4.85,34.73,323.42,1,1,0,1,3,0,1,40,9,10,10,8,4,0,0,1
67.17,64.45,2.72,15.34,227.4,1,2,1,1,3,1,0,83,9,0,9,3,0,0,1,1
43.25,50.84,4.82,50.44,313.71,0,1,0,3,1,1,1,45,4,2,10,1,18,0,0,0
59.88,64.1,5.49,25.22,412.95,0,3,0,2,3,1,1,40,3,2,5,9,19,0,0,0
44.49,40.81,4.81,17.08,343.76,0,2,0,3,1,0,1,61,9,5,0,0,18,1,1,1
49.07,52.73,4.21,52.59,401.18,0,1,1,1,2,0,1,90,5,4,2,6,12,0,0,1
62.19,32.31,4.64,46.74,432.58,0,3,0,2,1,0,1,93,6,10,9,3,5,0,1,1
64.98,45.63,4.38,32.67,380.34,1,2,0,1,1,0,1,52,6,6,1,7,9,0,0,1
46.19,50.34,4.96,54.58,406.51,0,4,1,1,2,1,1,77,10,2,10,7,10,0,1,1
38.43,29.78,4.81,58.48,321.54,0,3,0,2,1,0,1,88,7,10,8,7,15,1,1,0
56.32,57.12,5.09,54.8,408.16,1,4,0,1,1,0,1,84,4,0,4,5,0,0,0,1
61.52,59.12,3.83,54.07,339.42,1,3,0,3,2,1,1,80,6,10,5,8,18,1,1,0
45.43,62.13,4.69,17.89,311.66,1,2,1,3,3,0,1,79,3,2,1,3,4,1,1,1
67.25,78.01,5.31,75.86,455.73,0,1,0,3,2,1,1,70,8,7,7,4,5,0,0,0
64.59,55,4.78,61.15,349,1,1,0,1,3,0,1,54,4,4,5,3,5,0,0,1
45.21,49.23,5.04,30.98,314.37,0,1,1,3,1,0,1,89,2,2,10,4,4,1,0,1
71.95,30.78,4.92,49.76,371.25,0,1,1,1,2,1,1,41,4,7,7,1,5,0,0,0
72.41,54.7,3.23,53.57,295.71,1,3,0,1,3,1,1,92,8,5,7,4,12,0,1,0
86.02,56.71,2.96,49.21,287.22,0,1,0,3,1,1,1,70,10,2,0,9,0,0,1,0
80.68,33.73,3.67,85.86,339.51,0,1,0,3,1,1,1,65,7,4,6,7,0,1,0,1
41.46,47.12,3.21,11.09,278,1,3,0,1,1,0,1,41,0,0,1,8,13,0,0,1
68.87,50.13,4.60,20.48,326.28,1,3,1,1,3,0,1,50,4,5,10,6,7,1,0,1
68.19,56.35,3.14,4.02,284.41,1,2,1,1,3,1,1,72,5,8,7,6,8,1,0,1
49.77,60.27,3.86,51.6,399.02,1,3,1,1,3,1,1,57,9,6,1,5,9,1,1,0
61.82,43.56,4.46,60.88,434.23,1,4,0,3,1,0,1,60,10,10,3,1,5,0,1,0
26.84,52.42,3.53,57.23,280.52,1,2,1,1,3,1,1,98,1,7,1,9,8,1,1,0
26.42,56.88,4.98,44.22,456.58,1,2,1,1,2,0,1,70,5,5,6,10,17,0,1,0
29.28,47.82,4.84,58.13,388.02,1,1,0,1,3,1,1,65,8,10,4,9,14,1,1,0
60.84,44.94,4.51,44.07,362.15,1,1,0,1,3,1,1,69,3,4,10,8,3,0,0,0
61.55,58.55,3.01,64.81,273.86,1,4,0,1,1,1,1,78,2,5,10,4,1,0,0,0
50.89,47.87,3.47,72.15,267.93,0,1,0,2,2,1,1,60,8,6,8,5,5,1,1,1
80.82,35.63,4.24,31.38,348.2,0,3,0,2,2,0,1,88,1,8,4,0,16,1,1,1
69.81,66.48,4.55,44.25,341.37,0,3,0,2,2,1,1,55,8,7,10,4,6,1,0,0
31.03,36.96,4.27,47.49,335.26,1,1,1,3,3,0,1,46,10,4,7,5,19,0,1,0
52.42,48.87,4.28,78.51,352.43,0,1,0,1,1,1,1,61,9,6,1,9,14,0,1,1
40.9,53.86,4.35,33.73,314.28,0,3,0,3,3,1,1,46,10,7,2,10,20,0,1,0
61.21,55.46,4.61,71.95,338.8,0,2,1,1,1,0,1,41,10,0,5,1,1,1,1,1
54.54,52.04,4.26,20.68,349.78,0,4,1,2,2,1,1,76,1,7,10,6,20,0,0,1
41.76,14.69,5.63,74.87,478.56,0,4,1,1,3,0,1,53,10,10,6,3,11,0,1,0
80.42,41.57,2.55,67.04,236.51,1,2,1,3,1,1,0,47,9,6,9,4,9,0,1,1
55.86,53.56,4.41,46.89,368.77,1,4,1,3,3,0,1,68,2,10,7,2,16,1,1,1
48.76,48.69,4.28,68.33,354.22,1,1,0,1,1,1,1,83,6,1,2,4,17,1,1,1
51.2,56.14,5.22,39.98,351.02,0,1,0,3,2,1,1,46,1,1,6,3,15,0,1,0
79.28,62.26,4.60,31.54,368.32,0,1,1,2,3,1,1,77,0,5,7,9,9,1,0,0
68.67,56.08,5.52,84.13,449.15,1,4,1,1,2,1,1,84,8,2,9,5,7,1,0,1
52.56,41.25,3.76,39.18,367.27,1,2,1,2,3,1,1,61,5,0,5,1,20,1,0,0
40.12,43.54,3.13,63.54,275.27,1,1,1,2,3,0,1,83,8,7,3,2,12,1,1,1
42.46,69.58,4.94,72.18,367.96,0,2,0,3,1,0,1,56,2,6,5,9,15,1,1,1
47.77,47.85,4.54,66.13,342.01,1,3,1,1,1,0,1,55,2,3,8,0,7,1,0,0
62.61,48.86,5.03,61.99,319.18,1,3,1,2,1,1,1,72,9,0,2,6,11,1,0,1
66.35,56.12,4.24,63.6,359.35,1,3,0,2,2,1,1,78,2,1,1,8,16,1,1,1
44.12,64.85,5.20,71.15,344.1,1,4,0,1,2,1,1,74,1,8,4,1,15,1,1,1
67.01,39.18,5.65,56.35,338.64,1,4,0,3,3,0,1,77,10,3,6,6,8,0,0,1
41.37,44.05,4.32,49.21,344.9,0,1,1,2,1,0,1,99,5,2,2,2,18,0,1,1
45.82,30.75,2.78,22.62,291.25,0,3,1,1,2,0,1,71,2,7,4,4,16,1,1,1
33.26,46.44,5.23,56.36,385.84,1,2,0,1,3,1,1,92,4,3,3,5,7,1,0,1
32.81,56.81,5.29,70.57,343.11,0,4,1,2,2,1,1,42,10,6,10,7,11,1,1,0
41.21,45.63,4.24,27.99,363.23,1,2,1,2,3,0,1,93,4,4,6,3,8,1,1,0
54.61,71.12,4.29,45.42,306.72,1,2,0,2,1,0,1,42,9,4,1,1,5,0,1,1
40.09,51.39,2.86,58.51,294.03,0,1,0,3,3,0,1,47,2,10,10,2,9,1,0,0
77.47,48.77,3.83,80.25,331.42,0,1,0,3,3,0,1,85,2,5,6,7,8,0,1,1
41.01,45.77,4.04,26.83,348.55,0,2,1,1,1,1,1,70,0,3,1,6,3,0,1,1
57.76,33.68,4.00,65.87,329.45,0,2,0,1,1,0,1,94,5,1,2,5,10,0,0,1
74.8,48.92,4.12,42.84,354.29,1,2,1,2,3,1,1,48,2,5,4,4,20,0,1,1
56.39,54.3,2.98,36.53,242.37,0,2,1,1,2,1,0,44,0,4,6,10,5,0,1,0
49.54,48.58,5.12,31.64,450.19,1,3,1,3,1,1,1,67,9,2,5,4,17,0,1,1
57.21,52.77,5.28,36.89,311.69,1,2,0,1,3,1,1,54,8,3,6,0,3,1,0,1
46.57,41.95,2.50,59.98,292.06,1,4,0,1,1,1,1,88,10,2,10,5,11,1,0,0
39.99,35.06,5.49,45.44,407.17,1,1,0,2,1,1,1,66,0,2,5,8,8,0,1,0
64.19,48.73,2.89,64.28,291.86,1,4,1,2,2,0,1,81,4,3,0,7,14,1,0,0
46.25,52.65,4.48,27.56,360.1,0,1,0,3,1,0,1,70,4,1,4,9,8,0,0,0
69.05,47.98,3.34,63.94,291.85,1,1,0,1,3,0,1,98,1,3,0,0,5,1,0,0
66.94,52.44,3.94,58.68,334.81,0,1,1,1,3,0,1,79,0,9,6,10,10,0,0,0
57.49,59.32,4.69,19.84,335.43,1,4,1,1,1,1,1,57,5,10,3,5,6,0,0,1
69.56,59.27,4.58,80.12,312.48,0,1,0,2,1,0,1,77,6,1,4,2,13,1,0,1
46.84,60.29,4.75,56.8,393.75,0,2,0,3,2,1,1,88,10,9,0,5,15,0,0,0
66.76,62.06,5.14,65.31,420.85,1,2,1,1,2,0,1,93,10,7,7,8,14,1,0,0
66.68,55.96,5.73,73.12,311.73,1,3,1,1,2,0,1,43,8,9,3,5,19,0,0,1
50.48,54.28,4.18,69.37,356.54,0,3,1,1,3,1,1,60,7,4,2,7,8,1,1,0
48.55,73.32,2.73,47.48,284,1,3,0,1,2,1,1,86,9,6,0,5,18,1,0,0
59.94,59.4,4.19,64.5,355.29,1,2,0,3,3,0,1,81,2,10,3,5,11,1,0,0
84.52,39.86,4.22,13.8,391.05,0,4,1,3,2,0,1,62,8,3,2,6,10,1,1,1
51.52,27.64,4.18,57.88,355.63,0,3,0,3,3,1,1,84,0,9,7,10,7,1,1,0
48.24,47.11,5.09,84.65,321.67,1,2,0,2,1,1,1,61,5,5,8,9,2,0,1,1
72.68,57.5,5.21,36.09,337.2,1,1,0,1,3,1,1,40,9,9,4,10,18,0,1,1
56.02,61.51,4.21,68.31,325.92,1,4,1,1,1,1,1,64,1,3,8,3,2,1,0,1
67.99,34.99,4.08,85.46,339.46,1,4,0,1,3,1,1,93,9,5,0,7,2,0,0,0
77.12,58.75,4.74,63.78,317.36,0,2,1,1,3,1,1,93,8,0,6,3,5,0,0,0
26.39,63.62,4.22,70.51,358.65,0,2,0,3,1,1,1,80,8,5,10,6,10,1,1,1
54.44,57.3,3.32,18.61,290.01,1,1,1,2,3,1,1,67,7,5,6,0,19,1,0,1
51.55,54.99,3.10,31.3,210.61,0,1,1,2,3,1,0,97,10,1,5,8,13,0,0,0
40.57,48.41,4.24,78.59,403.27,0,1,0,1,2,1,1,76,6,9,3,9,1,1,1,1
26.22,44.48,5.27,69.21,347.09,0,4,0,3,1,0,1,50,5,9,10,8,11,1,1,0
31.13,59.43,5.40,59.92,355.92,0,4,1,2,1,1,1,61,1,8,8,6,15,1,1,1
56.57,57,4.19,44.71,312.54,0,3,1,2,2,1,1,93,3,5,2,7,2,0,1,0
46.99,46.07,4.31,55.69,328.48,0,3,0,1,2,0,1,94,9,10,10,1,20,1,1,0
42.97,80.51,3.14,84.76,296.7,0,3,1,2,1,1,1,64,6,6,10,9,15,0,0,1
56.42,31.88,5.17,47.96,408.87,1,4,1,1,1,0,1,92,5,1,0,9,9,1,1,1
44.62,47.21,4.83,63.99,324.91,1,1,0,3,1,1,1,60,8,1,1,6,19,0,1,0
74.35,40.74,4.01,63.46,272.76,0,3,0,1,2,0,1,75,4,1,2,0,4,1,0,1
45.69,54.61,4.41,36.68,383.78,0,1,0,2,2,1,1,97,5,9,1,2,12,1,0,1
77.58,26.61,4.60,38.23,406.76,0,1,0,1,3,0,1,59,9,10,5,5,11,1,0,1
54.55,65.23,3.81,80.54,340.87,0,1,1,1,2,0,1,55,5,8,6,4,0,0,1,0
45.22,62.07,4.63,61.4,425.49,0,3,0,1,3,1,1,67,7,2,4,4,19,0,1,1
44.13,53.21,4.48,36.39,364.72,1,3,0,1,3,1,1,95,7,3,4,8,10,0,0,1
77.71,46.28,5.40,43.77,343.74,0,1,0,1,2,0,1,68,5,0,6,5,18,0,0,1
65.44,58.6,4.24,30.29,345.4,1,3,0,1,2,0,1,89,7,0,5,2,14,1,1,1
43.61,53.94,4.61,71.33,374.96,1,2,1,2,2,0,1,65,6,3,7,1,17,1,0,0
56.79,61.42,4.99,44.96,403.88,0,3,1,1,2,1,1,79,0,1,8,8,15,0,0,1
19.62,48.53,5.09,45.23,376.01,0,1,0,2,1,0,1,41,4,7,1,9,6,0,0,0
35.03,47.82,5.76,66.82,363.04,0,1,0,1,2,0,1,88,10,3,1,3,9,0,0,0
43.75,62.93,4.23,16.41,353.55,1,4,0,3,3,0,1,49,9,2,0,10,15,0,1,1
43.38,57.6,4.26,49.26,385.07,1,4,0,1,3,0,1,52,9,2,6,4,16,0,1,1
73.2,47.91,5.02,49.78,318.13,1,1,1,2,1,1,1,54,9,5,10,8,6,0,1,0
26.29,54.41,3.34,44.29,274.57,0,2,1,2,1,1,1,48,4,5,3,4,10,1,0,1
33.58,52.22,5.42,39.01,359.27,0,4,1,3,2,0,1,66,9,5,8,6,16,0,1,1
61.79,55.61,3.29,35.8,299.4,0,1,1,1,1,1,1,47,8,5,5,1,4,0,1,0
58.45,65.23,2.82,55.65,275.36,0,4,0,3,2,1,1,45,6,7,6,1,0,0,0,1
49.75,45.8,5.30,29.8,430.94,0,4,1,1,2,0,1,75,6,7,6,3,2,1,0,1
85.79,42.27,3.05,53.22,183.85,0,1,1,1,1,0,0,89,9,8,7,7,15,0,1,1
64.26,53.29,4.91,38.94,381.22,1,3,0,2,1,1,1,63,1,0,3,1,14,1,0,0
73.34,43.56,3.25,40.27,296.25,1,2,1,3,3,1,1,42,7,9,2,9,3,1,0,1
54.24,39.07,5.03,53.94,309.87,0,3,1,3,1,0,1,65,2,7,2,6,11,0,1,0
46.85,61.92,5.08,40.05,371.6,0,1,1,2,1,0,1,75,8,4,9,0,0,1,1,0
47.02,46.55,5.69,75.34,466.39,1,1,0,2,1,0,1,60,5,2,7,8,16,0,1,0
68.91,27.58,4.82,47.2,385.06,1,2,0,3,3,0,1,52,8,10,2,9,14,1,0,1
66.59,60.17,2.92,70.93,299.02,1,1,0,2,2,0,1,91,8,9,7,5,19,0,0,1
51.72,44.74,4.57,34.76,347.73,0,4,0,1,3,1,1,50,6,2,1,10,19,0,0,0
62.07,56.93,5.10,34.32,335.58,1,2,1,3,1,0,1,47,9,5,4,0,9,1,0,0
69.44,63,2.59,16.74,246.34,1,3,1,3,1,0,0,96,7,7,4,9,10,0,0,1
46.54,52.28,4.68,40.16,352.89,1,2,0,2,1,0,1,85,1,9,6,5,17,0,0,1
49.85,25.57,4.30,45.35,316.35,1,3,0,1,2,0,1,85,4,1,4,4,1,1,1,0
61.7,26.44,4.51,51.54,386.96,1,1,0,3,3,1,1,87,2,8,8,4,5,1,1,1
28.17,41.93,5.14,63.95,334.59,0,3,1,3,3,1,1,53,0,4,2,4,15,0,0,0
61.98,49.32,5.10,62.5,427.33,0,3,1,1,2,1,1,72,5,4,8,3,6,1,1,0
38.12,64.4,4.52,72.71,367.62,1,3,0,2,3,1,1,41,8,0,0,6,18,0,1,1
69.12,53.5,3.82,32.25,360.67,0,2,0,2,2,1,1,99,1,5,2,8,11,1,1,1
87.22,81.41,5.37,50.62,448.26,0,4,0,2,2,1,1,91,8,10,3,3,17,1,0,1
44.54,32.1,4.82,30,365.01,1,3,0,2,3,0,1,40,7,10,5,1,9,1,1,0
34.76,51.46,6.08,58.28,432.19,0,2,0,1,3,0,1,50,10,4,9,1,6,0,1,1
52.3,44.65,2.85,86.09,293.47,0,2,0,1,2,0,1,45,8,6,7,1,3,0,0,1
51.02,52.82,3.11,26.07,249.13,1,4,0,3,3,1,0,71,4,6,6,6,16,0,0,0
64.91,71.02,4.62,63.75,361.22,1,2,0,3,2,1,1,54,1,3,7,3,16,0,0,0
58.51,71.78,5.79,70.97,410.03,0,1,1,1,3,1,1,51,9,4,5,3,3,0,1,1
50.56,50.65,2.95,32.15,292.66,0,1,0,3,3,0,1,76,9,9,5,0,20,1,1,1
56.36,60.34,4.64,58.73,328.03,0,1,1,1,3,1,1,68,5,7,5,3,4,0,1,0
38.17,52.59,3.30,42.8,266.19,1,4,0,2,3,0,1,94,6,1,2,5,0,1,0,0
67.44,37.1,4.59,47.58,348.43,0,2,1,1,3,1,1,83,2,0,9,1,18,1,0,1
79.27,50.17,4.28,42.14,349.4,0,1,0,1,1,0,1,61,5,5,3,3,10,1,0,1
37.04,43.94,4.60,45.5,380.46,1,3,0,3,1,1,1,85,5,10,10,10,0,0,1,0
31.31,49.25,5.04,73.11,324.93,0,2,1,1,3,0,1,53,7,3,5,6,7,1,1,1
48.97,39.77,3.99,48.42,336.74,1,1,0,2,3,0,1,58,0,9,6,8,3,0,1,0
36.68,51.86,4.57,37.97,381.41,0,2,1,2,3,1,1,44,3,2,2,1,14,0,0,0
35.86,53.67,4.15,51.38,360.79,1,1,1,3,2,1,1,74,0,6,3,7,16,0,0,1
33.97,58.45,5.10,7.56,370.25,0,3,1,3,1,0,1,64,7,7,5,5,17,0,1,1
52.1,53.72,3.74,33.66,392.63,0,2,0,1,2,1,1,89,1,10,0,7,2,1,1,0
48.83,69.62,4.22,74.97,386.65,1,1,1,3,1,1,1,77,7,3,10,1,17,0,1,0
60.6,76.31,5.19,47.09,455.51,1,1,0,2,1,0,1,48,2,9,6,10,6,1,0,0
46.55,45.15,5.28,40.44,372.25,1,3,1,3,3,0,1,97,7,10,10,0,16,1,1,1
36.75,61.64,4.47,53.46,372.4,1,3,0,3,3,0,1,46,5,10,0,6,17,0,0,0
54.75,75.38,4.22,64.73,334.79,1,1,1,2,2,1,1,92,0,5,10,8,19,1,1,0
39.12,61.95,5.44,76.57,353.14,1,1,1,1,2,0,1,57,6,10,9,8,7,1,1,0
62.68,58.61,2.28,40.98,285.83,1,4,0,1,3,1,1,41,6,10,10,1,10,1,1,1
30.01,28.14,3.40,41.44,319.08,0,4,0,3,3,1,1,91,5,1,10,3,2,0,1,0
22.53,43.3,5.22,45.54,406.41,0,2,0,2,1,0,1,49,0,7,8,0,6,1,1,1
30.85,45.05,2.75,70.58,272.46,0,2,0,2,1,1,1,83,4,5,9,10,14,0,1,1
48.73,66.65,4.49,51.14,419.81,0,4,0,2,3,1,1,41,0,10,8,6,9,0,1,0
50.69,41.23,4.85,93.32,334.99,0,1,0,1,1,0,1,99,0,8,10,1,11,0,1,0
57.05,48.98,4.62,46.78,304.56,0,3,0,2,2,0,1,84,5,10,8,3,11,0,1,0
46.53,60.08,4.22,85.27,336.18,0,2,0,2,1,1,1,100,7,5,3,1,18,1,1,1
42.3,40.69,3.86,32.14,379.53,1,1,0,1,3,0,1,47,0,5,1,0,18,1,0,0
76.5,53.35,4.94,22.2,354.41,0,3,1,2,1,0,1,97,1,1,6,6,14,1,0,1
72.53,51.79,5.33,47.97,445.54,1,3,1,1,3,1,1,94,4,4,3,5,20,0,1,1
69.79,60.53,4.45,72.79,371.76,0,1,1,3,1,0,1,46,7,8,4,1,20,1,1,1
59.63,57.91,5.42,40.46,375.52,1,1,1,3,2,0,1,74,10,0,0,3,4,0,0,1
60.83,57.53,3.96,37.67,376.98,0,2,0,3,2,1,1,62,3,3,10,10,12,1,0,1
42.92,52.41,3.74,70.5,356.91,0,4,1,3,3,1,1,47,4,9,9,2,8,0,0,1
57.17,29.89,4.15,64.1,337.75,0,1,1,3,3,1,1,60,9,9,5,2,9,0,1,0
40.9,51.68,4.48,34.15,355.11,0,4,1,1,3,0,1,72,4,2,6,2,7,0,1,0
39.2,50.66,4.62,32.98,361.45,1,2,0,1,1,0,1,86,2,0,2,10,8,0,1,1
30.74,59.2,4.38,66.59,347.3,0,4,0,1,1,1,1,40,5,0,9,3,5,1,1,1
61.09,44.92,5.18,17.36,412.81,1,4,1,2,1,0,1,51,4,0,1,0,17,0,0,0
57.46,50.5,4.37,71.59,407.66,0,3,1,3,2,0,1,50,1,0,9,0,9,1,0,0
50.46,50.88,3.72,63.84,290.8,0,2,1,2,3,0,1,87,9,1,6,6,14,1,0,0
48.49,41.45,4.46,4.38,398.45,0,1,0,2,1,0,1,69,3,10,0,4,12,1,0,0
27.55,36.16,5.06,50.31,349.04,0,4,1,2,2,1,1,43,10,4,1,2,10,0,1,1
58.85,54.59,4.67,10.42,334.76,1,2,1,3,3,1,1,73,3,1,2,8,1,0,0,0
50.27,62.09,4.73,25.9,385.47,1,3,0,2,2,0,1,62,6,3,3,4,7,0,0,1
68.44,42.5,4.78,39.94,364.24,1,3,1,3,3,0,1,71,6,8,4,9,17,1,1,1
57.19,47.39,4.72,24.64,305.18,0,4,1,3,1,0,1,100,8,2,3,2,2,0,1,0
65.59,59.95,4.82,94.36,390.35,0,4,1,3,2,1,1,42,9,1,9,8,2,0,1,0
54.89,61.12,5.16,67.28,345.69,0,1,1,2,2,1,1,67,1,3,2,0,20,1,0,1
57.73,52.78,4.60,77.35,389.51,0,2,1,3,2,1,1,43,5,8,0,8,6,0,0,1
68.97,54.97,4.85,47.19,349.28,1,1,1,3,3,1,1,96,1,3,6,4,17,1,1,1
52.11,56.38,4.46,50.61,390.21,1,1,1,1,3,1,1,89,8,4,9,5,20,1,1,1
62.08,58.53,5.22,81.61,397.36,1,3,1,2,2,0,1,51,1,3,5,1,20,1,1,0
48.35,37.14,4.66,58.67,409.79,0,2,0,1,3,0,1,63,5,7,1,7,8,0,1,0
53.03,73.01,5.40,62.24,319.48,1,1,1,1,2,1,1,72,7,3,1,2,17,0,0,0
78.9,53.29,4.98,31.78,441.38,0,3,1,2,1,1,1,42,5,1,2,0,0,1,1,0
64.61,58.76,3.78,31.68,342.91,1,4,1,1,2,0,1,43,2,3,7,6,3,1,0,0
46.88,40.86,3.06,55.22,290.14,1,1,0,3,2,1,1,69,4,1,7,2,3,0,1,1
61.34,47.77,4.16,57.46,359.13,1,4,1,1,3,0,1,45,3,8,9,3,16,0,1,1
35.8,54.52,4.92,30.06,341.04,1,2,0,1,3,1,1,88,0,10,9,4,1,1,0,0
51.68,28.35,4.17,57.17,320.83,0,1,1,3,3,0,1,69,4,7,9,0,14,1,1,0
40.7,39.19,4.28,25.57,352.58,0,4,0,1,1,1,1,47,9,8,9,10,12,1,1,1
61.78,41.3,3.56,50.28,387.59,1,4,0,3,1,0,1,57,4,3,10,10,8,0,1,1
52.17,34.66,4.27,21.25,366.76,1,2,0,2,1,0,1,55,6,0,7,8,6,1,0,0
59.25,51.27,3.79,76.56,416.69,0,3,1,1,3,1,1,92,6,2,6,6,11,0,0,0
66.61,49.11,3.71,43.78,343.94,1,3,1,2,2,1,1,45,1,6,1,1,11,1,1,1
48.1,67.08,4.88,36.13,371.26,1,1,0,1,2,1,1,63,3,0,0,0,13,0,1,0
48.63,36.55,4.89,27.09,362.46,1,4,1,3,2,1,1,90,0,10,5,10,14,1,0,0
54.44,52.82,5.21,25.16,443,0,3,0,1,3,1,1,67,4,7,10,1,0,0,0,1
42.09,39.44,2.52,58.73,299.25,0,1,1,2,3,0,1,71,4,8,7,2,8,0,0,1
54.83,29.39,4.48,70.08,321.74,1,4,1,3,1,1,1,64,3,7,0,2,15,0,1,1
55.62,57.05,5.00,68.07,454.09,1,1,0,3,3,1,1,67,9,4,2,7,8,0,1,0
58.43,58.05,3.92,77.93,338.9,0,2,0,2,2,1,1,60,6,10,0,4,15,0,1,1
61.29,56.63,3.75,84.96,271.37,0,1,1,2,1,1,1,47,5,8,9,8,1,0,1,0
30.95,34.2,5.44,69.16,449.23,0,2,0,1,1,0,1,75,9,3,8,2,9,1,0,1
35.72,51,4.39,39.94,301.45,0,4,0,1,3,1,1,99,2,8,6,5,17,1,0,0
37.49,57.17,4.51,53.39,354.92,0,4,1,3,1,1,1,48,1,0,7,3,12,1,0,0
56.39,61.43,5.10,4.86,403.88,0,4,0,2,1,1,1,79,3,10,8,7,1,0,1,1
50.73,57.54,3.48,62.75,395.04,0,1,1,2,3,1,1,60,8,2,2,0,12,0,0,0
20.98,61.58,4.38,52.99,306.21,0,4,1,1,1,0,1,90,9,3,9,3,2,1,1,0
84.21,62.81,4.66,81.9,469.3,1,4,0,1,2,0,1,40,4,10,10,6,14,0,0,1
25.17,51.26,4.00,35.13,376.35,1,2,0,3,3,0,1,92,0,9,1,8,2,0,1,0
55.46,55.98,4.36,60.31,347.9,0,4,0,2,2,0,1,92,10,0,5,0,9,1,1,1
63.45,62,5.40,29.93,300.11,1,4,1,2,2,0,1,43,2,5,4,7,5,1,0,0
44.2,54.68,4.82,47.8,374.07,0,4,0,2,2,1,1,49,8,3,3,1,13,1,0,1
64.6,64.39,4.71,17.29,425.04,1,3,1,2,2,0,1,65,6,3,5,3,8,1,0,1
39.88,60.49,4.79,77.12,335.81,0,4,0,1,1,0,1,79,2,0,5,3,17,1,0,0
